"origin_date","institute","target_year","target_date","forecast","h","rlz","e","abse"
1991-07-30,"ifo",1991,1991-12-31,0.8,22,0,-0.8,0.8
1991-12-31,"ifo",1991,1991-12-31,1.5,0,0,-1.5,1.5
1992-07-31,"ifo",1992,1992-12-31,2,21.8571428571429,1.9,-0.1,0.1
1992-12-31,"ifo",1992,1992-12-31,1.5,0,1.9,0.4,0.4
1993-07-23,"ifo",1993,1993-12-31,-1.5,23,-1.3,0.2,0.2
1993-12-20,"ifo",1993,1993-12-31,-1.2,1.57142857142857,-1.3,-0.1,0.1
1994-07-29,"ifo",1994,1994-12-31,2,22.1428571428571,2.8,0.8,0.8
1994-12-17,"ifo",1994,1994-12-31,3,2,2.8,-0.2,0.2
1995-07-26,"ifo",1995,1995-12-31,2.5,22.5714285714286,1.9,-0.6,0.6
1995-12-31,"ifo",1995,1995-12-31,2,0,1.9,-0.1,0.1
1996-07-24,"ifo",1996,1996-12-31,0.8,22.8571428571429,1.4,0.6,0.6
1996-12-13,"ifo",1996,1996-12-31,1.5,2.57142857142857,1.4,-0.1,0.1
1997-07-24,"ifo",1997,1997-12-31,2.2,22.8571428571429,2.2,0,0
1997-12-12,"ifo",1997,1997-12-31,2.2,2.71428571428571,2.2,0,0
1998-07-28,"ifo",1998,1998-12-31,2.7,22.2857142857143,2.8,0.0999999999999996,0.0999999999999996
1998-12-17,"ifo",1998,1998-12-31,2.8,2,2.8,0,0
1999-07-30,"ifo",1999,1999-12-31,1.5,22,1.4,-0.1,0.1
1999-12-21,"ifo",1999,1999-12-31,1.4,1.42857142857143,1.4,0,0
2000-07-27,"ifo",2000,2000-12-31,2.7,22.4285714285714,3.09,0.39,0.39
2000-12-20,"ifo",2000,2000-12-31,3,1.57142857142857,3.09,0.0899999999999999,0.0899999999999999
2001-12-27,"ifo",2001,2001-12-31,0.5,0.571428571428571,0.58,0.08,0.08
2002-08-14,"ifo",2002,2002-12-31,0.7,19.8571428571429,0.17,-0.53,0.53
2002-12-31,"ifo",2002,2002-12-31,0.2,0,0.17,-0.03,0.03
2003-07-17,"ifo",2003,2003-12-31,0,23.8571428571429,-0.12,-0.12,0.12
2003-12-27,"ifo",2003,2003-12-31,0,0.571428571428571,-0.12,-0.12,0.12
2004-06-30,"ifo",2004,2004-12-31,1.7,26.2857142857143,1.66,-0.04,0.04
2004-12-30,"ifo",2004,2004-12-31,1.7,0.142857142857143,1.66,-0.04,0.04
2005-06-30,"ifo",2005,2005-12-31,0.8,26.2857142857143,0.87,0.07,0.07
2005-12-29,"ifo",2005,2005-12-31,0.9,0.285714285714286,0.87,-0.03,0.03
2006-06-30,"ifo",2006,2006-12-31,1.8,26.2857142857143,2.47,0.67,0.67
2006-12-22,"ifo",2006,2006-12-31,2.5,1.28571428571429,2.47,-0.0299999999999998,0.0299999999999998
2007-06-29,"ifo",2007,2007-12-31,2.6,26.4285714285714,2.48,-0.12,0.12
2007-12-21,"ifo",2007,2007-12-31,2.5,1.42857142857143,2.48,-0.02,0.02
2008-06-27,"ifo",2008,2008-12-31,2.4,26.7142857142857,1.28,-1.12,1.12
2008-12-22,"ifo",2008,2008-12-31,1.5,1.28571428571429,1.28,-0.22,0.22
2009-06-26,"ifo",2009,2009-12-31,-6.3,26.8571428571429,-5,1.3,1.3
2009-12-22,"ifo",2009,2009-12-31,-4.9,1.28571428571429,-5,-0.0999999999999996,0.0999999999999996
2010-06-29,"ifo",2010,2010-12-31,2.1,26.4285714285714,3.61,1.51,1.51
2010-12-22,"ifo",2010,2010-12-31,3.7,1.28571428571429,3.61,-0.0900000000000003,0.0900000000000003
2011-07-15,"ifo",2011,2011-12-31,3.3,24.1428571428571,2.97,-0.33,0.33
2011-12-23,"ifo",2011,2011-12-31,3,1.14285714285714,2.97,-0.0299999999999998,0.0299999999999998
2012-07-13,"ifo",2012,2012-12-31,0.7,24.4285714285714,0.69,-0.01,0.01
2012-12-21,"ifo",2012,2012-12-31,0.7,1.42857142857143,0.69,-0.01,0.01
2013-07-11,"ifo",2013,2013-12-31,0.6,24.7142857142857,0.38,-0.22,0.22
2013-12-23,"ifo",2013,2013-12-31,0.4,1.14285714285714,0.38,-0.02,0.02
2014-07-10,"ifo",2014,2014-12-31,2,24.8571428571429,1.51,-0.49,0.49
2014-12-22,"ifo",2014,2014-12-31,1.5,1.28571428571429,1.51,0.01,0.01
2015-06-25,"ifo",2015,2015-12-31,1.9,27,1.69,-0.21,0.21
2015-12-21,"ifo",2015,2015-12-31,1.7,1.42857142857143,1.69,-0.01,0.01
2016-06-23,"ifo",2016,2016-12-31,1.8,27.2857142857143,1.88,0.0799999999999998,0.0799999999999998
2016-12-22,"ifo",2016,2016-12-31,1.9,1.28571428571429,1.88,-0.02,0.02
2017-06-29,"ifo",2017,2017-12-31,1.8,26.4285714285714,2.23,0.43,0.43
2017-12-21,"ifo",2017,2017-12-31,2.3,1.42857142857143,2.23,-0.0699999999999998,0.0699999999999998
2018-04-12,"ifo",2018,2018-12-31,2.6,37.5714285714286,1.47,-1.13,1.13
2018-06-28,"ifo",2018,2018-12-31,1.8,26.5714285714286,1.47,-0.33,0.33
2018-09-13,"ifo",2018,2018-12-31,1.9,15.5714285714286,1.47,-0.43,0.43
2018-12-13,"ifo",2018,2018-12-31,1.5,2.57142857142857,1.47,-0.03,0.03
2019-03-21,"ifo",2019,2019-12-31,0.6,40.7142857142857,0.57,-0.03,0.03
2019-06-27,"ifo",2019,2019-12-31,0.6,26.7142857142857,0.57,-0.03,0.03
2019-09-12,"ifo",2019,2019-12-31,0.5,15.7142857142857,0.57,0.07,0.07
2019-12-19,"ifo",2019,2019-12-31,0.5,1.71428571428571,0.57,0.07,0.07
2020-04-15,"ifo",2020,2020-12-31,-1.5,37.1428571428571,-4.98,-3.48,3.48
2020-07-01,"ifo",2020,2020-12-31,-6.7,26.1428571428571,-4.98,1.72,1.72
2020-09-22,"ifo",2020,2020-12-31,-5.2,14.2857142857143,-4.98,0.22,0.22
2020-12-01,"ifo",2020,2020-12-31,-5.1,4.28571428571429,-4.98,0.119999999999999,0.119999999999999
2021-03-24,"ifo",2021,2021-12-31,3.7,40.2857142857143,2.69,-1.01,1.01
2021-06-01,"ifo",2021,2021-12-31,3.3,30.4285714285714,2.69,-0.61,0.61
2021-09-22,"ifo",2021,2021-12-31,2.5,14.2857142857143,2.69,0.19,0.19
2021-12-01,"ifo",2021,2021-12-31,2.5,4.28571428571429,2.69,0.19,0.19
2022-03-23,"ifo",2022,2022-12-31,3.1,40.4285714285714,1.89,-1.21,1.21
2022-06-15,"ifo",2022,2022-12-31,2.5,28.4285714285714,1.89,-0.61,0.61
2022-09-12,"ifo",2022,2022-12-31,1.6,15.7142857142857,1.89,0.29,0.29
2022-12-14,"ifo",2022,2022-12-31,1.8,2.42857142857143,1.89,0.0899999999999999,0.0899999999999999
1991-11-12,"SVR",1991,1991-12-31,3.5,7,0,-3.5,3.5
1992-11-16,"SVR",1992,1992-12-31,1.5,6.42857142857143,1.9,0.4,0.4
1993-11-12,"SVR",1993,1993-12-31,-2,7,-1.3,0.7,0.7
1994-11-17,"SVR",1994,1994-12-31,3,6.28571428571429,2.8,-0.2,0.2
1995-11-14,"SVR",1995,1995-12-31,2,6.71428571428571,1.9,-0.1,0.1
1996-11-15,"SVR",1996,1996-12-31,1.5,6.57142857142857,1.4,-0.1,0.1
1997-11-14,"SVR",1997,1997-12-31,2.5,6.71428571428571,2.2,-0.3,0.3
1998-11-18,"SVR",1998,1998-12-31,2.8,6.14285714285714,2.8,0,0
1999-11-16,"SVR",1999,1999-12-31,1.4,6.42857142857143,1.4,0,0
2000-11-15,"SVR",2000,2000-12-31,3,6.57142857142857,3.09,0.0899999999999999,0.0899999999999999
2001-11-14,"SVR",2001,2001-12-31,0.6,6.71428571428571,0.58,-0.02,0.02
2002-11-13,"SVR",2002,2002-12-31,0.2,6.85714285714286,0.17,-0.03,0.03
2003-11-07,"SVR",2003,2003-12-31,0,7.71428571428571,-0.12,-0.12,0.12
2004-11-12,"SVR",2004,2004-12-31,1.8,7,1.66,-0.14,0.14
2005-11-09,"SVR",2005,2005-12-31,0.8,7.42857142857143,0.87,0.07,0.07
2006-11-08,"SVR",2006,2006-12-31,2.4,7.57142857142857,2.47,0.0700000000000003,0.0700000000000003
2007-11-07,"SVR",2007,2007-12-31,2.6,7.71428571428571,2.48,-0.12,0.12
2008-11-12,"SVR",2008,2008-12-31,1.7,7,1.28,-0.42,0.42
2009-11-13,"SVR",2009,2009-12-31,-5,6.85714285714286,-5,0,0
2010-11-10,"SVR",2010,2010-12-31,3.7,7.28571428571429,3.61,-0.0900000000000003,0.0900000000000003
2011-11-09,"SVR",2011,2011-12-31,3,7.42857142857143,2.97,-0.0299999999999998,0.0299999999999998
2012-11-07,"SVR",2012,2012-12-31,0.8,7.71428571428571,0.69,-0.11,0.11
2013-11-13,"SVR",2013,2013-12-31,0.4,6.85714285714286,0.38,-0.02,0.02
2014-03-20,"SVR",2014,2014-12-31,1.9,40.8571428571429,1.51,-0.39,0.39
2014-10-30,"SVR",2014,2014-12-31,1.2,8.85714285714286,1.51,0.31,0.31
2015-03-26,"SVR",2015,2015-12-31,1.8,40,1.69,-0.11,0.11
2015-11-11,"SVR",2015,2015-12-31,1.7,7.14285714285714,1.69,-0.01,0.01
2016-03-23,"SVR",2016,2016-12-31,1.5,40.4285714285714,1.88,0.38,0.38
2016-11-02,"SVR",2016,2016-12-31,1.9,8.42857142857143,1.88,-0.02,0.02
2017-03-20,"SVR",2017,2017-12-31,1.4,40.8571428571429,2.23,0.83,0.83
2017-11-08,"SVR",2017,2017-12-31,2,7.57142857142857,2.23,0.23,0.23
2018-03-21,"SVR",2018,2018-12-31,2.3,40.7142857142857,1.47,-0.83,0.83
2018-11-07,"SVR",2018,2018-12-31,1.6,7.71428571428571,1.47,-0.13,0.13
2019-03-19,"SVR",2019,2019-12-31,0.8,41,0.57,-0.23,0.23
2019-11-06,"SVR",2019,2019-12-31,0.5,7.85714285714286,0.57,0.07,0.07
2020-03-30,"SVR",2020,2020-12-31,-2.8,39.4285714285714,-4.98,-2.18,2.18
2020-06-23,"SVR",2020,2020-12-31,-6.5,27.2857142857143,-4.98,1.52,1.52
2020-11-11,"SVR",2020,2020-12-31,-5.1,7.14285714285714,-4.98,0.119999999999999,0.119999999999999
2021-03-17,"SVR",2021,2021-12-31,3.1,41.2857142857143,2.69,-0.41,0.41
2021-11-10,"SVR",2021,2021-12-31,2.7,7.28571428571429,2.69,-0.0100000000000002,0.0100000000000002
2022-03-30,"SVR",2022,2022-12-31,1.8,39.4285714285714,1.89,0.0899999999999999,0.0899999999999999
2022-11-09,"SVR",2022,2022-12-31,1.7,7.42857142857143,1.89,0.19,0.19
1991-07-15,"OECD",1991,1991-12-31,2.8,24.1428571428571,0,-2.8,2.8
1991-12-15,"OECD",1991,1991-12-31,3.2,2.28571428571429,0,-3.2,3.2
1992-06-15,"OECD",1992,1992-12-31,1.7,28.4285714285714,1.9,0.2,0.2
1992-12-21,"OECD",1992,1992-12-31,1.8,1.42857142857143,1.9,0.0999999999999999,0.0999999999999999
1993-06-15,"OECD",1993,1993-12-31,-1.9,28.4285714285714,-1.3,0.6,0.6
1993-12-18,"OECD",1993,1993-12-31,-1.5,1.85714285714286,-1.3,0.2,0.2
1994-06-14,"OECD",1994,1994-12-31,1.7,28.5714285714286,2.8,1.1,1.1
1994-12-02,"OECD",1994,1994-12-31,2.7,4.14285714285714,2.8,0.0999999999999996,0.0999999999999996
1995-06-20,"OECD",1995,1995-12-31,2.8,27.7142857142857,1.9,-0.9,0.9
1995-12-05,"OECD",1995,1995-12-31,2,3.71428571428571,1.9,-0.1,0.1
1996-06-05,"OECD",1996,1996-12-31,0.5,29.8571428571429,1.4,0.9,0.9
1996-12-04,"OECD",1996,1996-12-31,1.1,3.85714285714286,1.4,0.3,0.3
1997-06-27,"OECD",1997,1997-12-31,2.1,26.7142857142857,2.2,0.1,0.1
1997-12-11,"OECD",1997,1997-12-31,2.3,2.85714285714286,2.2,-0.0999999999999996,0.0999999999999996
1998-06-08,"OECD",1998,1998-12-31,2.9,29.4285714285714,2.8,-0.1,0.1
1998-12-18,"OECD",1998,1998-12-31,2.9,1.85714285714286,2.8,-0.1,0.1
1999-07-02,"OECD",1999,1999-12-31,1.8,26,1.4,-0.4,0.4
2000-01-17,"OECD",2000,2000-12-31,2.1,49.8571428571429,3.09,0.99,0.99
2000-08-30,"OECD",2000,2000-12-31,2.7,17.5714285714286,3.09,0.39,0.39
2000-12-18,"OECD",2000,2000-12-31,2.8,1.85714285714286,3.09,0.29,0.29
2001-06-13,"OECD",2001,2001-12-31,2.1,28.7142857142857,0.58,-1.52,1.52
2001-12-20,"OECD",2001,2001-12-31,0.6,1.57142857142857,0.58,-0.02,0.02
2002-06-14,"OECD",2002,2002-12-31,0.7,28.5714285714286,0.17,-0.53,0.53
2002-12-24,"OECD",2002,2002-12-31,0.4,1,0.17,-0.23,0.23
2003-06-13,"OECD",2003,2003-12-31,0.3,28.7142857142857,-0.12,-0.42,0.42
2003-12-13,"OECD",2003,2003-12-31,0,2.57142857142857,-0.12,-0.12,0.12
2004-05-10,"OECD",2004,2004-12-31,1.6,33.5714285714286,1.66,0.0599999999999998,0.0599999999999998
2005-01-12,"OECD",2005,2005-12-31,1.2,50.4285714285714,0.87,-0.33,0.33
2005-06-30,"OECD",2005,2005-12-31,1,26.2857142857143,0.87,-0.13,0.13
2006-01-19,"OECD",2006,2006-12-31,1.6,49.4285714285714,2.47,0.87,0.87
2006-07-03,"OECD",2006,2006-12-31,1.6,25.8571428571429,2.47,0.87,0.87
2007-01-17,"OECD",2007,2007-12-31,1.7,49.7142857142857,2.48,0.78,0.78
2007-06-28,"OECD",2007,2007-12-31,2.8,26.5714285714286,2.48,-0.32,0.32
2008-01-06,"OECD",2008,2008-12-31,2,51.4285714285714,1.28,-0.72,0.72
2008-06-04,"OECD",2008,2008-12-31,1.2,30,1.28,0.0800000000000001,0.0800000000000001
2008-11-25,"OECD",2008,2008-12-31,-0.3,5.14285714285714,1.28,1.58,1.58
2009-06-24,"OECD",2009,2009-12-31,0.3,27.1428571428571,-5,-5.3,5.3
2010-01-05,"OECD",2010,2010-12-31,-0.3,51.4285714285714,3.61,3.91,3.91
2010-05-26,"OECD",2010,2010-12-31,-1.3,31.2857142857143,3.61,4.91,4.91
2010-12-07,"OECD",2010,2010-12-31,3.6,3.42857142857143,3.61,0.00999999999999979,0.00999999999999979
2011-05-25,"OECD",2011,2011-12-31,3.4,31.4285714285714,2.97,-0.43,0.43
2011-11-28,"OECD",2011,2011-12-31,3,4.71428571428571,2.97,-0.0299999999999998,0.0299999999999998
2012-06-19,"OECD",2012,2012-12-31,1,27.8571428571429,0.69,-0.31,0.31
2012-12-17,"OECD",2012,2012-12-31,0.7,2,0.69,-0.01,0.01
2013-06-20,"OECD",2013,2013-12-31,0.3,27.7142857142857,0.38,0.08,0.08
2013-11-19,"OECD",2013,2013-12-31,0.4,6,0.38,-0.02,0.02
2014-06-20,"OECD",2014,2014-12-31,1.9,27.7142857142857,1.51,-0.39,0.39
2014-11-25,"OECD",2014,2014-12-31,1.5,5.14285714285714,1.51,0.01,0.01
2015-06-19,"OECD",2015,2015-12-31,1.8,27.8571428571429,1.69,-0.11,0.11
2015-12-02,"OECD",2015,2015-12-31,1.7,4.14285714285714,1.69,-0.01,0.01
2016-06-01,"OECD",2016,2016-12-31,1.7,30.4285714285714,1.88,0.18,0.18
2016-11-28,"OECD",2016,2016-12-31,2.7,4.71428571428571,1.88,-0.82,0.82
2017-06-07,"OECD",2017,2017-12-31,1.7,29.5714285714286,2.23,0.53,0.53
2017-11-28,"OECD",2017,2017-12-31,2.2,4.71428571428571,2.23,0.0299999999999998,0.0299999999999998
2018-05-30,"OECD",2018,2018-12-31,2.1,30.7142857142857,1.47,-0.63,0.63
2018-11-21,"OECD",2018,2018-12-31,1.6,5.71428571428571,1.47,-0.13,0.13
2019-05-21,"OECD",2019,2019-12-31,0.7,32,0.57,-0.13,0.13
2019-11-08,"OECD",2019,2019-12-31,0.6,7.57142857142857,0.57,-0.03,0.03
2012-09-06,"OECD",2012,2012-12-31,0.6,16.5714285714286,0.69,0.09,0.09
2013-09-03,"OECD",2013,2013-12-31,0.6,17,0.38,-0.22,0.22
2014-09-15,"OECD",2014,2014-12-31,1.5,15.2857142857143,1.51,0.01,0.01
2015-03-18,"OECD",2015,2015-12-31,1.9,41.1428571428571,1.69,-0.21,0.21
2015-09-15,"OECD",2015,2015-12-31,1.8,15.2857142857143,1.69,-0.11,0.11
2016-02-18,"OECD",2016,2016-12-31,1.4,45.2857142857143,1.88,0.48,0.48
2016-09-21,"OECD",2016,2016-12-31,1.9,14.4285714285714,1.88,-0.02,0.02
2017-03-07,"OECD",2017,2017-12-31,1.5,42.7142857142857,2.23,0.73,0.73
2017-09-20,"OECD",2017,2017-12-31,1.9,14.5714285714286,2.23,0.33,0.33
2018-03-13,"OECD",2018,2018-12-31,2.4,41.8571428571429,1.47,-0.93,0.93
2018-09-20,"OECD",2018,2018-12-31,1.9,14.5714285714286,1.47,-0.43,0.43
2019-03-06,"OECD",2019,2019-12-31,0.7,42.8571428571429,0.57,-0.13,0.13
2019-09-19,"OECD",2019,2019-12-31,0.5,14.7142857142857,0.57,0.07,0.07
2020-03-02,"OECD",2020,2020-12-31,0.7,43.4285714285714,-4.98,-5.68,5.68
2020-06-10,"OECD",2020,2020-12-31,-8.4,29.1428571428571,-4.98,3.42,3.42
2020-09-16,"OECD",2020,2020-12-31,-5,15.1428571428571,-4.98,0.0199999999999996,0.0199999999999996
2020-12-01,"OECD",2020,2020-12-31,-5.1,4.28571428571429,-4.98,0.119999999999999,0.119999999999999
2021-03-09,"OECD",2021,2021-12-31,3,42.4285714285714,2.69,-0.31,0.31
2021-05-31,"OECD",2021,2021-12-31,3.3,30.5714285714286,2.69,-0.61,0.61
2021-09-21,"OECD",2021,2021-12-31,2.9,14.4285714285714,2.69,-0.21,0.21
2021-12-01,"OECD",2021,2021-12-31,2.9,4.28571428571429,2.69,-0.21,0.21
2022-06-21,"OECD",2022,2022-12-31,1.8,27.5714285714286,1.89,0.0899999999999999,0.0899999999999999
2022-09-26,"OECD",2022,2022-12-31,1.1,13.7142857142857,1.89,0.79,0.79
2022-11-22,"OECD",2022,2022-12-31,1.7,5.57142857142857,1.89,0.19,0.19
1993-01-19,"IWH",1993,1993-12-31,0.3,49.4285714285714,-1.3,-1.6,1.6
1994-12-22,"IWH",1994,1994-12-31,2.9,1.28571428571429,2.8,-0.1,0.1
1995-09-01,"IWH",1995,1995-12-31,2.6,17.2857142857143,1.9,-0.7,0.7
1996-01-11,"IWH",1996,1996-12-31,1.6,50.7142857142857,1.4,-0.2,0.2
1996-03-20,"IWH",1996,1996-12-31,1.5,40.8571428571429,1.4,-0.1,0.1
1996-09-10,"IWH",1996,1996-12-31,1,16,1.4,0.4,0.4
1997-04-13,"IWH",1997,1997-12-31,2.1,37.4285714285714,2.2,0.1,0.1
1997-07-18,"IWH",1997,1997-12-31,2,23.7142857142857,2.2,0.2,0.2
1998-01-22,"IWH",1998,1998-12-31,2.7,49,2.8,0.0999999999999996,0.0999999999999996
1998-07-09,"IWH",1998,1998-12-31,2.6,25,2.8,0.2,0.2
1999-01-20,"IWH",1999,1999-12-31,2.2,49.2857142857143,1.4,-0.8,0.8
1999-07-02,"IWH",1999,1999-12-31,1.7,26,1.4,-0.3,0.3
1999-12-20,"IWH",1999,1999-12-31,1.4,1.57142857142857,1.4,0,0
2000-07-13,"IWH",2000,2000-12-31,3,24.4285714285714,3.09,0.0899999999999999,0.0899999999999999
2000-12-20,"IWH",2000,2000-12-31,3.1,1.57142857142857,3.09,-0.0100000000000002,0.0100000000000002
2001-06-20,"IWH",2001,2001-12-31,1.7,27.7142857142857,0.58,-1.12,1.12
2001-08-31,"IWH",2001,2001-12-31,1,17.4285714285714,0.58,-0.42,0.42
2001-12-12,"IWH",2001,2001-12-31,0.5,2.71428571428571,0.58,0.08,0.08
2002-03-14,"IWH",2002,2002-12-31,0.8,41.7142857142857,0.17,-0.63,0.63
2002-07-03,"IWH",2002,2002-12-31,0.9,25.8571428571429,0.17,-0.73,0.73
2002-09-04,"IWH",2002,2002-12-31,0.6,16.8571428571429,0.17,-0.43,0.43
2002-12-12,"IWH",2002,2002-12-31,0.2,2.71428571428571,0.17,-0.03,0.03
2003-03-06,"IWH",2003,2003-12-31,0.8,42.8571428571429,-0.12,-0.92,0.92
2003-07-07,"IWH",2003,2003-12-31,0.1,25.2857142857143,-0.12,-0.22,0.22
2003-09-09,"IWH",2003,2003-12-31,0,16.1428571428571,-0.12,-0.12,0.12
2003-12-16,"IWH",2003,2003-12-31,0,2.14285714285714,-0.12,-0.12,0.12
2004-03-04,"IWH",2004,2004-12-31,1.5,43.1428571428571,1.66,0.16,0.16
2004-06-21,"IWH",2004,2004-12-31,1.8,27.5714285714286,1.66,-0.14,0.14
2004-09-07,"IWH",2004,2004-12-31,2,16.4285714285714,1.66,-0.34,0.34
2004-12-20,"IWH",2004,2004-12-31,1.7,1.57142857142857,1.66,-0.04,0.04
2005-03-09,"IWH",2005,2005-12-31,1.1,42.4285714285714,0.87,-0.23,0.23
2005-06-29,"IWH",2005,2005-12-31,1.1,26.4285714285714,0.87,-0.23,0.23
2005-09-13,"IWH",2005,2005-12-31,0.9,15.5714285714286,0.87,-0.03,0.03
2005-12-21,"IWH",2005,2005-12-31,0.9,1.42857142857143,0.87,-0.03,0.03
2006-03-15,"IWH",2006,2006-12-31,1.7,41.5714285714286,2.47,0.77,0.77
2006-06-08,"IWH",2006,2006-12-31,1.7,29.4285714285714,2.47,0.77,0.77
2006-09-12,"IWH",2006,2006-12-31,2,15.7142857142857,2.47,0.47,0.47
2006-12-21,"IWH",2006,2006-12-31,2.5,1.42857142857143,2.47,-0.0299999999999998,0.0299999999999998
2007-03-14,"IWH",2007,2007-12-31,2,41.7142857142857,2.48,0.48,0.48
2007-07-11,"IWH",2007,2007-12-31,2.6,24.7142857142857,2.48,-0.12,0.12
2007-12-18,"IWH",2007,2007-12-31,2.5,1.85714285714286,2.48,-0.02,0.02
2008-03-18,"IWH",2008,2008-12-31,1.5,41.1428571428571,1.28,-0.22,0.22
2008-07-09,"IWH",2008,2008-12-31,2.3,25,1.28,-1.02,1.02
2008-09-09,"IWH",2008,2008-12-31,1.8,16.1428571428571,1.28,-0.52,0.52
2008-12-18,"IWH",2008,2008-12-31,1.4,1.85714285714286,1.28,-0.12,0.12
2009-03-17,"IWH",2009,2009-12-31,-4.8,41.2857142857143,-5,-0.2,0.2
2009-10-15,"IWH",2009,2009-12-31,-5.2,11,-5,0.2,0.2
2009-12-16,"IWH",2009,2009-12-31,-4.8,2.14285714285714,-5,-0.2,0.2
2010-03-15,"IWH",2010,2010-12-31,1.8,41.5714285714286,3.61,1.81,1.81
2010-09-15,"IWH",2010,2010-12-31,3.5,15.2857142857143,3.61,0.11,0.11
2010-12-15,"IWH",2010,2010-12-31,3.7,2.28571428571429,3.61,-0.0900000000000003,0.0900000000000003
2011-03-09,"IWH",2011,2011-12-31,3,42.4285714285714,2.97,-0.0299999999999998,0.0299999999999998
2011-05-31,"IWH",2011,2011-12-31,3.6,30.5714285714286,2.97,-0.63,0.63
2011-09-13,"IWH",2011,2011-12-31,3,15.5714285714286,2.97,-0.0299999999999998,0.0299999999999998
2011-12-15,"IWH",2011,2011-12-31,3,2.28571428571429,2.97,-0.0299999999999998,0.0299999999999998
2012-03-14,"IWH",2012,2012-12-31,1.2,41.7142857142857,0.69,-0.51,0.51
2012-09-13,"IWH",2012,2012-12-31,0.9,15.5714285714286,0.69,-0.21,0.21
2012-12-13,"IWH",2012,2012-12-31,0.8,2.57142857142857,0.69,-0.11,0.11
2013-03-14,"IWH",2013,2013-12-31,1.2,41.7142857142857,0.38,-0.82,0.82
2013-06-13,"IWH",2013,2013-12-31,0.7,28.7142857142857,0.38,-0.32,0.32
2013-09-19,"IWH",2013,2013-12-31,0.6,14.7142857142857,0.38,-0.22,0.22
2013-12-12,"IWH",2013,2013-12-31,0.4,2.71428571428571,0.38,-0.02,0.02
2014-03-13,"IWH",2014,2014-12-31,1.9,41.8571428571429,1.51,-0.39,0.39
2014-06-18,"IWH",2014,2014-12-31,2,28,1.51,-0.49,0.49
2014-09-12,"IWH",2014,2014-12-31,1.5,15.7142857142857,1.51,0.01,0.01
2014-12-18,"IWH",2014,2014-12-31,1.5,1.85714285714286,1.51,0.01,0.01
2015-03-12,"IWH",2015,2015-12-31,2,42,1.69,-0.31,0.31
2015-06-16,"IWH",2015,2015-12-31,1.8,28.2857142857143,1.69,-0.11,0.11
2015-09-10,"IWH",2015,2015-12-31,1.8,16,1.69,-0.11,0.11
2015-12-16,"IWH",2015,2015-12-31,1.7,2.14285714285714,1.69,-0.01,0.01
2016-03-16,"IWH",2016,2016-12-31,1.5,41.4285714285714,1.88,0.38,0.38
2016-06-09,"IWH",2016,2016-12-31,1.8,29.2857142857143,1.88,0.0799999999999998,0.0799999999999998
2016-09-01,"IWH",2016,2016-12-31,1.9,17.2857142857143,1.88,-0.02,0.02
2016-12-14,"IWH",2016,2016-12-31,1.9,2.42857142857143,1.88,-0.02,0.02
2017-03-15,"IWH",2017,2017-12-31,1.3,41.5714285714286,2.23,0.93,0.93
2017-06-08,"IWH",2017,2017-12-31,1.6,29.4285714285714,2.23,0.63,0.63
2017-09-07,"IWH",2017,2017-12-31,1.9,16.4285714285714,2.23,0.33,0.33
2017-12-14,"IWH",2017,2017-12-31,2.2,2.42857142857143,2.23,0.0299999999999998,0.0299999999999998
2018-03-15,"IWH",2018,2018-12-31,2.2,41.5714285714286,1.47,-0.73,0.73
2018-06-14,"IWH",2018,2018-12-31,1.7,28.5714285714286,1.47,-0.23,0.23
2018-09-05,"IWH",2018,2018-12-31,1.8,16.7142857142857,1.47,-0.33,0.33
2018-12-19,"IWH",2018,2018-12-31,1.5,1.71428571428571,1.47,-0.03,0.03
2019-03-07,"IWH",2019,2019-12-31,0.5,42.7142857142857,0.57,0.07,0.07
2019-06-13,"IWH",2019,2019-12-31,0.5,28.7142857142857,0.57,0.07,0.07
2019-09-05,"IWH",2019,2019-12-31,0.5,16.7142857142857,0.57,0.07,0.07
2019-12-16,"IWH",2019,2019-12-31,0.5,2.14285714285714,0.57,0.07,0.07
2020-03-12,"IWH",2020,2020-12-31,0.6,42,-4.98,-5.58,5.58
2020-06-16,"IWH",2020,2020-12-31,-5.1,28.2857142857143,-4.98,0.119999999999999,0.119999999999999
2020-09-16,"IWH",2020,2020-12-31,-5.7,15.1428571428571,-4.98,0.72,0.72
2020-12-16,"IWH",2020,2020-12-31,-5,2.14285714285714,-4.98,0.0199999999999996,0.0199999999999996
2021-03-11,"IWH",2021,2021-12-31,3.7,42.1428571428571,2.69,-1.01,1.01
2021-06-15,"IWH",2021,2021-12-31,3.9,28.4285714285714,2.69,-1.21,1.21
2021-09-14,"IWH",2021,2021-12-31,2.2,15.4285714285714,2.69,0.49,0.49
2021-12-14,"IWH",2021,2021-12-31,2.7,2.42857142857143,2.69,-0.0100000000000002,0.0100000000000002
2022-03-17,"IWH",2022,2022-12-31,3.1,41.2857142857143,1.89,-1.21,1.21
2022-06-21,"IWH",2022,2022-12-31,1.5,27.5714285714286,1.89,0.39,0.39
2022-09-08,"IWH",2022,2022-12-31,1.1,16.2857142857143,1.89,0.79,0.79
2022-12-20,"IWH",2022,2022-12-31,1.8,1.57142857142857,1.89,0.0899999999999999,0.0899999999999999
1992-05-01,"IMF",1992,1992-12-31,2,34.8571428571429,1.9,-0.1,0.1
1993-01-01,"IMF",1993,1993-12-31,0.6,52,-1.3,-1.9,1.9
1993-06-15,"IMF",1993,1993-12-31,-1.3,28.4285714285714,-1.3,0,0
1993-10-01,"IMF",1993,1993-12-31,-1.3,13,-1.3,0,0
1994-05-01,"IMF",1994,1994-12-31,-1.6,34.8571428571429,2.8,4.4,4.4
1994-10-01,"IMF",1994,1994-12-31,2.3,13,2.8,0.5,0.5
1995-05-01,"IMF",1995,1995-12-31,3.2,34.8571428571429,1.9,-1.3,1.3
1995-10-01,"IMF",1995,1995-12-31,2.6,13,1.9,-0.7,0.7
1996-05-01,"IMF",1996,1996-12-31,1,34.8571428571429,1.4,0.4,0.4
1996-10-01,"IMF",1996,1996-12-31,1.3,13,1.4,0.0999999999999999,0.0999999999999999
1997-05-01,"IMF",1997,1997-12-31,2.3,34.8571428571429,2.2,-0.0999999999999996,0.0999999999999996
1997-10-01,"IMF",1997,1997-12-31,2.3,13,2.2,-0.0999999999999996,0.0999999999999996
1998-05-01,"IMF",1998,1998-12-31,2.5,34.8571428571429,2.8,0.3,0.3
1998-10-01,"IMF",1998,1998-12-31,2.6,13,2.8,0.2,0.2
1999-05-01,"IMF",1999,1999-12-31,1.5,34.8571428571429,1.4,-0.1,0.1
1999-09-22,"IMF",1999,1999-12-31,1.4,14.2857142857143,1.4,0,0
2000-05-12,"IMF",2000,2000-12-31,2.8,33.2857142857143,3.09,0.29,0.29
2000-09-19,"IMF",2000,2000-12-31,2.9,14.7142857142857,3.09,0.19,0.19
2001-05-01,"IMF",2001,2001-12-31,1.9,34.8571428571429,0.58,-1.32,1.32
2001-10-31,"IMF",2001,2001-12-31,0.8,8.71428571428571,0.58,-0.22,0.22
2001-12-18,"IMF",2001,2001-12-31,0.5,1.85714285714286,0.58,0.08,0.08
2002-04-18,"IMF",2002,2002-12-31,0.9,36.7142857142857,0.17,-0.73,0.73
2002-09-25,"IMF",2002,2002-12-31,0.5,13.8571428571429,0.17,-0.33,0.33
2003-04-09,"IMF",2003,2003-12-31,0.5,38,-0.12,-0.62,0.62
2004-04-14,"IMF",2004,2004-12-31,1.6,37.2857142857143,1.66,0.0599999999999998,0.0599999999999998
2004-09-29,"IMF",2004,2004-12-31,2,13.2857142857143,1.66,-0.34,0.34
2005-04-07,"IMF",2005,2005-12-31,0.8,38.2857142857143,0.87,0.07,0.07
2005-09-14,"IMF",2005,2005-12-31,0.8,15.4285714285714,0.87,0.07,0.07
2006-04-13,"IMF",2006,2006-12-31,1.3,37.4285714285714,2.47,1.17,1.17
2006-09-14,"IMF",2006,2006-12-31,2,15.4285714285714,2.47,0.47,0.47
2007-04-11,"IMF",2007,2007-12-31,1.8,37.7142857142857,2.48,0.68,0.68
2007-07-25,"IMF",2007,2007-12-31,2.6,22.7142857142857,2.48,-0.12,0.12
2007-10-09,"IMF",2007,2007-12-31,2.4,11.8571428571429,2.48,0.0800000000000001,0.0800000000000001
2008-04-03,"IMF",2008,2008-12-31,1.4,38.8571428571429,1.28,-0.12,0.12
2008-07-15,"IMF",2008,2008-12-31,2,24.1428571428571,1.28,-0.72,0.72
2008-10-08,"IMF",2008,2008-12-31,1.9,12,1.28,-0.62,0.62
2009-01-28,"IMF",2009,2009-12-31,-2.5,48.1428571428571,-5,-2.5,2.5
2009-04-16,"IMF",2009,2009-12-31,-5.6,37,-5,0.6,0.6
2009-07-08,"IMF",2009,2009-12-31,-6.2,25.1428571428571,-5,1.2,1.2
2009-10-01,"IMF",2009,2009-12-31,-5.3,13,-5,0.3,0.3
2010-01-26,"IMF",2010,2010-12-31,1.5,48.4285714285714,3.61,2.11,2.11
2010-04-16,"IMF",2010,2010-12-31,1.2,37,3.61,2.41,2.41
2010-07-07,"IMF",2010,2010-12-31,1.4,25.2857142857143,3.61,2.21,2.21
2010-10-06,"IMF",2010,2010-12-31,3.3,12.2857142857143,3.61,0.31,0.31
2011-01-25,"IMF",2011,2011-12-31,2.2,48.5714285714286,2.97,0.77,0.77
2011-04-11,"IMF",2011,2011-12-31,2.5,37.7142857142857,2.97,0.47,0.47
2011-06-17,"IMF",2011,2011-12-31,3.2,28.1428571428571,2.97,-0.23,0.23
2011-09-21,"IMF",2011,2011-12-31,2.7,14.4285714285714,2.97,0.27,0.27
2012-01-24,"IMF",2012,2012-12-31,0.3,48.8571428571429,0.69,0.39,0.39
2012-04-17,"IMF",2012,2012-12-31,0.6,36.8571428571429,0.69,0.09,0.09
2012-07-16,"IMF",2012,2012-12-31,1,24,0.69,-0.31,0.31
2012-10-09,"IMF",2012,2012-12-31,0.9,11.8571428571429,0.69,-0.21,0.21
2013-01-23,"IMF",2013,2013-12-31,0.6,48.8571428571429,0.38,-0.22,0.22
2013-04-16,"IMF",2013,2013-12-31,0.6,37,0.38,-0.22,0.22
2013-07-09,"IMF",2013,2013-12-31,0.3,25,0.38,0.08,0.08
2013-10-08,"IMF",2013,2013-12-31,0.5,12,0.38,-0.12,0.12
2014-01-21,"IMF",2014,2014-12-31,1.6,49.1428571428571,1.51,-0.0900000000000001,0.0900000000000001
2014-04-08,"IMF",2014,2014-12-31,1.7,38.1428571428571,1.51,-0.19,0.19
2014-07-24,"IMF",2014,2014-12-31,1.9,22.8571428571429,1.51,-0.39,0.39
2014-10-07,"IMF",2014,2014-12-31,1.4,12.1428571428571,1.51,0.11,0.11
2015-01-20,"IMF",2015,2015-12-31,1.3,49.2857142857143,1.69,0.39,0.39
2015-04-14,"IMF",2015,2015-12-31,1.6,37.2857142857143,1.69,0.0899999999999999,0.0899999999999999
2015-07-09,"IMF",2015,2015-12-31,1.6,25,1.69,0.0899999999999999,0.0899999999999999
2015-09-28,"IMF",2015,2015-12-31,1.5,13.4285714285714,1.69,0.19,0.19
2016-01-19,"IMF",2016,2016-12-31,1.7,49.5714285714286,1.88,0.18,0.18
2016-04-12,"IMF",2016,2016-12-31,1.5,37.5714285714286,1.88,0.38,0.38
2016-07-19,"IMF",2016,2016-12-31,1.6,23.5714285714286,1.88,0.28,0.28
2016-10-04,"IMF",2016,2016-12-31,1.8,12.5714285714286,1.88,0.0799999999999998,0.0799999999999998
2017-01-16,"IMF",2017,2017-12-31,1.5,49.8571428571429,2.23,0.73,0.73
2017-04-18,"IMF",2017,2017-12-31,1.6,36.7142857142857,2.23,0.63,0.63
2017-07-23,"IMF",2017,2017-12-31,1.5,23,2.23,0.73,0.73
2017-10-10,"IMF",2017,2017-12-31,2,11.7142857142857,2.23,0.23,0.23
2018-01-22,"IMF",2018,2018-12-31,2.3,49,1.47,-0.83,0.83
2018-04-09,"IMF",2018,2018-12-31,2.5,38,1.47,-1.03,1.03
2018-07-16,"IMF",2018,2018-12-31,2.2,24,1.47,-0.73,0.73
2018-10-03,"IMF",2018,2018-12-31,1.9,12.7142857142857,1.47,-0.43,0.43
2019-01-11,"IMF",2019,2019-12-31,1.3,50.5714285714286,0.57,-0.73,0.73
2019-04-02,"IMF",2019,2019-12-31,0.8,39,0.57,-0.23,0.23
2019-07-18,"IMF",2019,2019-12-31,0.7,23.7142857142857,0.57,-0.13,0.13
2019-10-15,"IMF",2019,2019-12-31,0.5,11,0.57,0.07,0.07
2020-01-09,"IMF",2020,2020-12-31,1.1,51,-4.98,-6.08,6.08
2020-05-01,"IMF",2020,2020-12-31,-7,34.8571428571429,-4.98,2.02,2.02
2020-06-24,"IMF",2020,2020-12-31,-7.8,27.1428571428571,-4.98,2.82,2.82
2020-10-07,"IMF",2020,2020-12-31,-6,12.1428571428571,-4.98,1.02,1.02
2021-01-20,"IMF",2021,2021-12-31,3.5,49.2857142857143,2.69,-0.81,0.81
2021-03-23,"IMF",2021,2021-12-31,3.6,40.4285714285714,2.69,-0.91,0.91
2021-07-27,"IMF",2021,2021-12-31,3.6,22.4285714285714,2.69,-0.91,0.91
2021-10-12,"IMF",2021,2021-12-31,3,11.4285714285714,2.69,-0.31,0.31
2022-01-25,"IMF",2022,2022-12-31,3.8,48.5714285714286,1.89,-1.91,1.91
2022-04-19,"IMF",2022,2022-12-31,2.1,36.5714285714286,1.89,-0.21,0.21
2022-07-26,"IMF",2022,2022-12-31,1.2,22.5714285714286,1.89,0.69,0.69
2022-10-11,"IMF",2022,2022-12-31,1.6,11.5714285714286,1.89,0.29,0.29
1991-05-03,"GD",1991,1991-12-31,1,34.5714285714286,0,-1,1
1991-10-24,"GD",1991,1991-12-31,1,9.71428571428571,0,-1,1
1992-04-16,"GD",1992,1992-12-31,2,37,1.9,-0.1,0.1
1992-10-29,"GD",1992,1992-12-31,1.5,9,1.9,0.4,0.4
1993-05-06,"GD",1993,1993-12-31,-1.5,34.1428571428571,-1.3,0.2,0.2
1993-10-28,"GD",1993,1993-12-31,-1.5,9.14285714285714,-1.3,0.2,0.2
1994-04-21,"GD",1994,1994-12-31,1.5,36.2857142857143,2.8,1.3,1.3
1994-10-27,"GD",1994,1994-12-31,2.5,9.28571428571429,2.8,0.3,0.3
1995-04-06,"GD",1995,1995-12-31,3,38.4285714285714,1.9,-1.1,1.1
1995-10-19,"GD",1995,1995-12-31,2.2,10.4285714285714,1.9,-0.3,0.3
1996-04-25,"GD",1996,1996-12-31,0.8,35.7142857142857,1.4,0.6,0.6
1996-10-24,"GD",1996,1996-12-31,1.5,9.71428571428571,1.4,-0.1,0.1
1997-04-17,"GD",1997,1997-12-31,2.2,36.8571428571429,2.2,0,0
1997-10-25,"GD",1997,1997-12-31,2.4,9.57142857142857,2.2,-0.2,0.2
1998-05-09,"GD",1998,1998-12-31,2.6,33.7142857142857,2.8,0.2,0.2
1998-10-16,"GD",1998,1998-12-31,2.7,10.8571428571429,2.8,0.0999999999999996,0.0999999999999996
1999-05-15,"GD",1999,1999-12-31,1.7,32.8571428571429,1.4,-0.3,0.3
1999-10-22,"GD",1999,1999-12-31,1.4,10,1.4,0,0
2000-04-14,"GD",2000,2000-12-31,2.8,37.2857142857143,3.09,0.29,0.29
2000-10-20,"GD",2000,2000-12-31,3,10.2857142857143,3.09,0.0899999999999999,0.0899999999999999
2001-04-06,"GD",2001,2001-12-31,2.1,38.4285714285714,0.58,-1.52,1.52
2001-10-19,"GD",2001,2001-12-31,0.7,10.4285714285714,0.58,-0.12,0.12
2002-04-19,"GD",2002,2002-12-31,0.9,36.5714285714286,0.17,-0.73,0.73
2002-10-18,"GD",2002,2002-12-31,0.4,10.5714285714286,0.17,-0.23,0.23
2003-04-11,"GD",2003,2003-12-31,0.5,37.7142857142857,-0.12,-0.62,0.62
2003-10-17,"GD",2003,2003-12-31,-0.1,10.7142857142857,-0.12,-0.02,0.02
2004-04-23,"GD",2004,2004-12-31,1.5,36,1.66,0.16,0.16
2004-10-15,"GD",2004,2004-12-31,1.8,11,1.66,-0.14,0.14
2005-04-22,"GD",2005,2005-12-31,0.7,36.1428571428571,0.87,0.17,0.17
2005-10-19,"GD",2005,2005-12-31,0.8,10.4285714285714,0.87,0.07,0.07
2006-04-26,"GD",2006,2006-12-31,1.8,35.5714285714286,2.47,0.67,0.67
2006-10-17,"GD",2006,2006-12-31,2.3,10.7142857142857,2.47,0.17,0.17
2007-04-17,"GD",2007,2007-12-31,2.4,36.8571428571429,2.48,0.0800000000000001,0.0800000000000001
2007-10-16,"GD",2007,2007-12-31,2.6,10.8571428571429,2.48,-0.12,0.12
2008-04-15,"GD",2008,2008-12-31,1.8,37.1428571428571,1.28,-0.52,0.52
2008-10-10,"GD",2008,2008-12-31,1.8,11.7142857142857,1.28,-0.52,0.52
2009-04-21,"GD",2009,2009-12-31,-6,36.2857142857143,-5,1,1
2009-10-13,"GD",2009,2009-12-31,-5,11.2857142857143,-5,0,0
2010-04-13,"GD",2010,2010-12-31,1.5,37.4285714285714,3.61,2.11,2.11
2010-10-12,"GD",2010,2010-12-31,3.5,11.4285714285714,3.61,0.11,0.11
2011-04-05,"GD",2011,2011-12-31,2.8,38.5714285714286,2.97,0.17,0.17
2011-10-11,"GD",2011,2011-12-31,2.9,11.5714285714286,2.97,0.0700000000000003,0.0700000000000003
2012-04-17,"GD",2012,2012-12-31,0.9,36.8571428571429,0.69,-0.21,0.21
2012-10-09,"GD",2012,2012-12-31,0.8,11.8571428571429,0.69,-0.11,0.11
2013-04-16,"GD",2013,2013-12-31,0.8,37,0.38,-0.42,0.42
2013-10-15,"GD",2013,2013-12-31,0.4,11,0.38,-0.02,0.02
2014-04-18,"GD",2014,2014-12-31,1.9,36.7142857142857,1.51,-0.39,0.39
2014-10-12,"GD",2014,2014-12-31,1.3,11.4285714285714,1.51,0.21,0.21
2015-04-16,"GD",2015,2015-12-31,2.1,37,1.69,-0.41,0.41
2015-10-08,"GD",2015,2015-12-31,1.8,12,1.69,-0.11,0.11
2016-04-14,"GD",2016,2016-12-31,1.6,37.2857142857143,1.88,0.28,0.28
2016-09-29,"GD",2016,2016-12-31,1.9,13.2857142857143,1.88,-0.02,0.02
2017-04-12,"GD",2017,2017-12-31,1.5,37.5714285714286,2.23,0.73,0.73
2017-09-28,"GD",2017,2017-12-31,1.9,13.4285714285714,2.23,0.33,0.33
2018-04-19,"GD",2018,2018-12-31,2.2,36.5714285714286,1.47,-0.73,0.73
2018-09-27,"GD",2018,2018-12-31,1.7,13.5714285714286,1.47,-0.23,0.23
2019-04-04,"GD",2019,2019-12-31,0.8,38.7142857142857,0.57,-0.23,0.23
2019-10-02,"GD",2019,2019-12-31,0.5,12.8571428571429,0.57,0.07,0.07
2020-04-08,"GD",2020,2020-12-31,-4.2,38.1428571428571,-4.98,-0.78,0.78
2020-10-15,"GD",2020,2020-12-31,-5.4,11,-4.98,0.42,0.42
2021-04-15,"GD",2021,2021-12-31,3.7,37.1428571428571,2.69,-1.01,1.01
2021-10-14,"GD",2021,2021-12-31,2.4,11.1428571428571,2.69,0.29,0.29
2022-04-13,"GD",2022,2022-12-31,2.7,37.4285714285714,1.89,-0.81,0.81
2022-09-29,"GD",2022,2022-12-31,1.4,13.2857142857143,1.89,0.49,0.49
2001-12-05,"ECB",2001,2001-12-31,0.6,3.71428571428571,0.58,-0.02,0.02
2002-06-05,"ECB",2002,2002-12-31,0.6,29.8571428571429,0.17,-0.43,0.43
2002-12-04,"ECB",2002,2002-12-31,0.3,3.85714285714286,0.17,-0.13,0.13
2002-06-04,"ECB",2002,2002-12-31,0.1,30,0.17,0.07,0.07
2003-12-03,"ECB",2003,2003-12-31,-0.1,4,-0.12,-0.02,0.02
2004-06-03,"ECB",2004,2004-12-31,1.1,30.1428571428571,1.66,0.56,0.56
2004-12-02,"ECB",2004,2004-12-31,1.2,4.14285714285714,1.66,0.46,0.46
2005-06-02,"ECB",2005,2005-12-31,1.2,30.2857142857143,0.87,-0.33,0.33
2005-12-01,"ECB",2005,2005-12-31,1.1,4.28571428571429,0.87,-0.23,0.23
2006-06-08,"ECB",2006,2006-12-31,1.6,29.4285714285714,2.47,0.87,0.87
2006-12-07,"ECB",2006,2006-12-31,2.7,3.42857142857143,2.47,-0.23,0.23
2007-06-06,"ECB",2007,2007-12-31,2.7,29.7142857142857,2.48,-0.22,0.22
2007-12-06,"ECB",2007,2007-12-31,2.6,3.57142857142857,2.48,-0.12,0.12
2008-06-05,"ECB",2008,2008-12-31,2,29.8571428571429,1.28,-0.72,0.72
2008-12-04,"ECB",2008,2008-12-31,1.3,3.85714285714286,1.28,-0.02,0.02
2009-06-04,"ECB",2009,2009-12-31,-6.1,30,-5,1.1,1.1
2009-12-03,"ECB",2009,2009-12-31,-4.8,4,-5,-0.2,0.2
2010-06-10,"ECB",2010,2010-12-31,1.8,29.1428571428571,3.61,1.81,1.81
2010-12-02,"ECB",2010,2010-12-31,3.5,4.14285714285714,3.61,0.11,0.11
2011-06-09,"ECB",2011,2011-12-31,3.1,29.2857142857143,2.97,-0.13,0.13
2011-12-08,"ECB",2011,2011-12-31,3,3.28571428571429,2.97,-0.0299999999999998,0.0299999999999998
2012-06-06,"ECB",2012,2012-12-31,1.2,29.7142857142857,0.69,-0.51,0.51
2012-12-06,"ECB",2012,2012-12-31,0.9,3.57142857142857,0.69,-0.21,0.21
2013-06-06,"ECB",2013,2013-12-31,0.4,29.7142857142857,0.38,-0.02,0.02
2013-12-05,"ECB",2013,2013-12-31,0.6,3.71428571428571,0.38,-0.22,0.22
2014-06-05,"ECB",2014,2014-12-31,1.9,29.8571428571429,1.51,-0.39,0.39
2014-12-04,"ECB",2014,2014-12-31,1.4,3.85714285714286,1.51,0.11,0.11
2015-06-03,"ECB",2015,2015-12-31,1.5,30.1428571428571,1.69,0.19,0.19
2015-12-03,"ECB",2015,2015-12-31,1.5,4,1.69,0.19,0.19
2016-06-02,"ECB",2016,2016-12-31,1.6,30.2857142857143,1.88,0.28,0.28
2016-12-08,"ECB",2016,2016-12-31,1.8,3.28571428571429,1.88,0.0799999999999998,0.0799999999999998
2017-06-08,"ECB",2017,2017-12-31,1.9,29.4285714285714,2.23,0.33,0.33
2017-12-14,"ECB",2017,2017-12-31,2.6,2.42857142857143,2.23,-0.37,0.37
2018-06-14,"ECB",2018,2018-12-31,2,28.5714285714286,1.47,-0.53,0.53
2018-12-13,"ECB",2018,2018-12-31,1.5,2.57142857142857,1.47,-0.03,0.03
2019-06-06,"ECB",2019,2019-12-31,0.6,29.7142857142857,0.57,-0.03,0.03
2019-12-12,"ECB",2019,2019-12-31,0.5,2.71428571428571,0.57,0.07,0.07
2020-06-04,"ECB",2020,2020-12-31,-7.1,30,-4.98,2.12,2.12
2020-12-10,"ECB",2020,2020-12-31,-5.5,3,-4.98,0.52,0.52
2021-06-10,"ECB",2021,2021-12-31,3.7,29.1428571428571,2.69,-1.01,1.01
2021-12-16,"ECB",2021,2021-12-31,2.5,2.14285714285714,2.69,0.19,0.19
2022-06-09,"ECB",2022,2022-12-31,1.9,29.2857142857143,1.89,-0.01,0.01
2022-12-15,"ECB",2022,2022-12-31,1.8,2.28571428571429,1.89,0.0899999999999999,0.0899999999999999
1998-10-21,"EC",1998,1998-12-31,2.2,10.1428571428571,2.8,0.6,0.6
1999-04-15,"EC",1999,1999-12-31,1.7,37.1428571428571,1.4,-0.3,0.3
2000-04-11,"EC",2000,2000-12-31,2.9,37.7142857142857,3.09,0.19,0.19
2000-11-22,"EC",2000,2000-12-31,3.1,5.57142857142857,3.09,-0.0100000000000002,0.0100000000000002
2001-04-25,"EC",2001,2001-12-31,2.2,35.7142857142857,0.58,-1.62,1.62
2001-11-21,"EC",2001,2001-12-31,0.7,5.71428571428571,0.58,-0.12,0.12
2002-04-24,"EC",2002,2002-12-31,0.8,35.8571428571429,0.17,-0.63,0.63
2002-11-13,"EC",2002,2002-12-31,0.4,6.85714285714286,0.17,-0.23,0.23
2003-04-08,"EC",2003,2003-12-31,0.4,38.1428571428571,-0.12,-0.52,0.52
2003-10-29,"EC",2003,2003-12-31,0,9,-0.12,-0.12,0.12
2004-04-07,"EC",2004,2004-12-31,1.5,38.2857142857143,1.66,0.16,0.16
2004-10-26,"EC",2004,2004-12-31,1.9,9.42857142857143,1.66,-0.24,0.24
2005-04-04,"EC",2005,2005-12-31,0.8,38.7142857142857,0.87,0.07,0.07
2005-11-17,"EC",2005,2005-12-31,0.8,6.28571428571429,0.87,0.07,0.07
2006-05-08,"EC",2006,2006-12-31,1.7,33.8571428571429,2.47,0.77,0.77
2006-11-06,"EC",2006,2006-12-31,2.4,7.85714285714286,2.47,0.0700000000000003,0.0700000000000003
2007-02-16,"EC",2007,2007-12-31,1.8,45.4285714285714,2.48,0.68,0.68
2007-05-07,"EC",2007,2007-12-31,2.5,34,2.48,-0.02,0.02
2007-11-09,"EC",2007,2007-12-31,2.5,7.42857142857143,2.48,-0.02,0.02
2008-02-21,"EC",2008,2008-12-31,1.6,44.8571428571429,1.28,-0.32,0.32
2008-04-28,"EC",2008,2008-12-31,1.8,35.2857142857143,1.28,-0.52,0.52
2008-09-10,"EC",2008,2008-12-31,1.8,16,1.28,-0.52,0.52
2008-11-03,"EC",2008,2008-12-31,1.7,8.28571428571429,1.28,-0.42,0.42
2009-01-19,"EC",2009,2009-12-31,-2.3,49.4285714285714,-5,-2.7,2.7
2009-05-04,"EC",2009,2009-12-31,-5.4,34.4285714285714,-5,0.4,0.4
2009-09-14,"EC",2009,2009-12-31,-5.1,15.4285714285714,-5,0.0999999999999996,0.0999999999999996
2009-11-03,"EC",2009,2009-12-31,-5,8.28571428571429,-5,0,0
2010-02-25,"EC",2010,2010-12-31,1.2,44.1428571428571,3.61,2.41,2.41
2010-05-05,"EC",2010,2010-12-31,1.2,34.2857142857143,3.61,2.41,2.41
2010-09-13,"EC",2010,2010-12-31,3.4,15.5714285714286,3.61,0.21,0.21
2010-11-29,"EC",2010,2010-12-31,3.7,4.57142857142857,3.61,-0.0900000000000003,0.0900000000000003
2011-03-01,"EC",2011,2011-12-31,2.4,43.5714285714286,2.97,0.57,0.57
2011-05-13,"EC",2011,2011-12-31,2.6,33.1428571428571,2.97,0.37,0.37
2011-09-15,"EC",2011,2011-12-31,2.9,15.2857142857143,2.97,0.0700000000000003,0.0700000000000003
2011-11-10,"EC",2011,2011-12-31,2.9,7.28571428571429,2.97,0.0700000000000003,0.0700000000000003
2012-05-11,"EC",2012,2012-12-31,0.7,33.4285714285714,0.69,-0.01,0.01
2012-11-07,"EC",2012,2012-12-31,0.8,7.71428571428571,0.69,-0.11,0.11
2013-02-22,"EC",2013,2013-12-31,0.5,44.5714285714286,0.38,-0.12,0.12
2013-05-03,"EC",2013,2013-12-31,0.4,34.5714285714286,0.38,-0.02,0.02
2013-11-05,"EC",2013,2013-12-31,0.5,8,0.38,-0.12,0.12
2014-02-25,"EC",2014,2014-12-31,1.8,44.1428571428571,1.51,-0.29,0.29
2014-05-05,"EC",2014,2014-12-31,1.8,34.2857142857143,1.51,-0.29,0.29
2014-11-04,"EC",2014,2014-12-31,1.3,8.14285714285714,1.51,0.21,0.21
2015-02-05,"EC",2015,2015-12-31,1.5,47,1.69,0.19,0.19
2015-05-05,"EC",2015,2015-12-31,1.9,34.2857142857143,1.69,-0.21,0.21
2015-11-05,"EC",2015,2015-12-31,1.7,8,1.69,-0.01,0.01
2016-02-04,"EC",2016,2016-12-31,1.8,47.2857142857143,1.88,0.0799999999999998,0.0799999999999998
2016-05-03,"EC",2016,2016-12-31,1.6,34.5714285714286,1.88,0.28,0.28
2016-11-09,"EC",2016,2016-12-31,1.9,7.42857142857143,1.88,-0.02,0.02
2017-02-13,"EC",2017,2017-12-31,1.6,45.8571428571429,2.23,0.63,0.63
2017-05-11,"EC",2017,2017-12-31,1.6,33.4285714285714,2.23,0.63,0.63
2017-11-09,"EC",2017,2017-12-31,2.2,7.42857142857143,2.23,0.0299999999999998,0.0299999999999998
2018-02-02,"EC",2018,2018-12-31,2.3,47.4285714285714,1.47,-0.83,0.83
2018-05-03,"EC",2018,2018-12-31,2.3,34.5714285714286,1.47,-0.83,0.83
2018-07-12,"EC",2018,2018-12-31,1.9,24.5714285714286,1.47,-0.43,0.43
2018-11-08,"EC",2018,2018-12-31,1.7,7.57142857142857,1.47,-0.23,0.23
2019-02-07,"EC",2019,2019-12-31,1.1,46.7142857142857,0.57,-0.53,0.53
2019-05-07,"EC",2019,2019-12-31,0.5,34,0.57,0.07,0.07
2019-07-10,"EC",2019,2019-12-31,0.5,24.8571428571429,0.57,0.07,0.07
2019-11-07,"EC",2019,2019-12-31,0.4,7.71428571428571,0.57,0.17,0.17
2020-02-13,"EC",2020,2020-12-31,1.1,46,-4.98,-6.08,6.08
2020-05-06,"EC",2020,2020-12-31,-6.5,34.1428571428571,-4.98,1.52,1.52
2020-07-07,"EC",2020,2020-12-31,0.3,25.2857142857143,-4.98,-5.28,5.28
2020-11-05,"EC",2020,2020-12-31,-5.6,8,-4.98,0.619999999999999,0.619999999999999
2021-02-11,"EC",2021,2021-12-31,3.2,46.1428571428571,2.69,-0.51,0.51
2021-05-12,"EC",2021,2021-12-31,3.4,33.2857142857143,2.69,-0.71,0.71
2021-07-07,"EC",2021,2021-12-31,5.4,25.2857142857143,2.69,-2.71,2.71
2021-11-11,"EC",2021,2021-12-31,2.7,7.14285714285714,2.69,-0.0100000000000002,0.0100000000000002
2022-02-10,"EC",2022,2022-12-31,2.8,46.2857142857143,1.89,-0.91,0.91
2022-05-23,"EC",2022,2022-12-31,1.6,31.7142857142857,1.89,0.29,0.29
2022-07-14,"EC",2022,2022-12-31,1.4,24.2857142857143,1.89,0.49,0.49
2022-11-11,"EC",2022,2022-12-31,1.6,7.14285714285714,1.89,0.29,0.29
1991-01-10,"DIW",1991,1991-12-31,3.5,50.7142857142857,0,-3.5,3.5
1991-06-27,"DIW",1991,1991-12-31,0,26.7142857142857,0,0,0
1992-01-09,"DIW",1992,1992-12-31,2,51,1.9,-0.1,0.1
1992-06-25,"DIW",1992,1992-12-31,2,27,1.9,-0.1,0.1
1993-01-07,"DIW",1993,1993-12-31,-1,51.1428571428571,-1.3,-0.3,0.3
1993-07-08,"DIW",1993,1993-12-31,-1,25.1428571428571,-1.3,-0.3,0.3
1994-01-06,"DIW",1994,1994-12-31,0,51.2857142857143,2.8,2.8,2.8
1994-07-21,"DIW",1994,1994-12-31,2,23.2857142857143,2.8,0.8,0.8
1995-01-05,"DIW",1995,1995-12-31,2,51.4285714285714,1.9,-0.1,0.1
1995-07-27,"DIW",1995,1995-12-31,2,22.4285714285714,1.9,-0.1,0.1
1996-01-11,"DIW",1996,1996-12-31,1,50.7142857142857,1.4,0.4,0.4
1996-06-27,"DIW",1996,1996-12-31,0.5,26.7142857142857,1.4,0.9,0.9
1997-01-09,"DIW",1997,1997-12-31,2,50.8571428571429,2.2,0.2,0.2
1997-07-03,"DIW",1997,1997-12-31,2,25.8571428571429,2.2,0.2,0.2
1998-01-08,"DIW",1998,1998-12-31,2.5,51,2.8,0.3,0.3
1998-07-02,"DIW",1998,1998-12-31,2.6,26,2.8,0.2,0.2
1999-01-07,"DIW",1999,1999-12-31,1.4,51.1428571428571,1.4,0,0
1999-07-15,"DIW",1999,1999-12-31,1.3,24.1428571428571,1.4,0.0999999999999999,0.0999999999999999
2000-01-05,"DIW",2000,2000-12-31,2.4,51.5714285714286,3.09,0.69,0.69
2000-07-13,"DIW",2000,2000-12-31,2.7,24.4285714285714,3.09,0.39,0.39
2001-01-04,"DIW",2001,2001-12-31,2.5,51.5714285714286,0.58,-1.92,1.92
2001-07-12,"DIW",2001,2001-12-31,1,24.5714285714286,0.58,-0.42,0.42
2002-01-10,"DIW",2002,2002-12-31,0.6,50.7142857142857,0.17,-0.43,0.43
2002-07-11,"DIW",2002,2002-12-31,0.6,24.7142857142857,0.17,-0.43,0.43
2003-01-09,"DIW",2003,2003-12-31,0.6,50.8571428571429,-0.12,-0.72,0.72
2003-07-03,"DIW",2003,2003-12-31,-0.1,25.8571428571429,-0.12,-0.02,0.02
2004-01-08,"DIW",2004,2004-12-31,1.4,51.1428571428571,1.66,0.26,0.26
2004-07-08,"DIW",2004,2004-12-31,1.8,25.1428571428571,1.66,-0.14,0.14
2005-01-05,"DIW",2005,2005-12-31,1.8,51.4285714285714,0.87,-0.93,0.93
2005-06-29,"DIW",2005,2005-12-31,0.9,26.4285714285714,0.87,-0.03,0.03
2006-01-04,"DIW",2006,2006-12-31,1.7,51.5714285714286,2.47,0.77,0.77
2006-07-05,"DIW",2006,2006-12-31,1.8,25.5714285714286,2.47,0.67,0.67
2007-01-03,"DIW",2007,2007-12-31,1.7,51.7142857142857,2.48,0.78,0.78
2007-07-24,"DIW",2007,2007-12-31,2.6,22.8571428571429,2.48,-0.12,0.12
2007-10-16,"DIW",2007,2007-12-31,2.4,10.8571428571429,2.48,0.0800000000000001,0.0800000000000001
2008-01-02,"DIW",2008,2008-12-31,2.1,52,1.28,-0.82,0.82
2008-04-02,"DIW",2008,2008-12-31,2,39,1.28,-0.72,0.72
2008-07-01,"DIW",2008,2008-12-31,2.7,26.1428571428571,1.28,-1.42,1.42
2008-10-08,"DIW",2008,2008-12-31,1.9,12,1.28,-0.62,0.62
2009-01-07,"DIW",2009,2009-12-31,-1.1,51.1428571428571,-5,-3.9,3.9
2009-04-15,"DIW",2009,2009-12-31,-4.9,37.1428571428571,-5,-0.0999999999999996,0.0999999999999996
2009-07-29,"DIW",2009,2009-12-31,-6.4,22.1428571428571,-5,1.4,1.4
2009-10-12,"DIW",2009,2009-12-31,-5.1,11.4285714285714,-5,0.0999999999999996,0.0999999999999996
2010-01-07,"DIW",2010,2010-12-31,2.1,51.1428571428571,3.61,1.51,1.51
2010-04-14,"DIW",2010,2010-12-31,1.7,37.2857142857143,3.61,1.91,1.91
2010-06-30,"DIW",2010,2010-12-31,1.9,26.2857142857143,3.61,1.71,1.71
2010-09-29,"DIW",2010,2010-12-31,3.4,13.2857142857143,3.61,0.21,0.21
2011-01-04,"DIW",2011,2011-12-31,2.2,51.5714285714286,2.97,0.77,0.77
2011-04-12,"DIW",2011,2011-12-31,2.7,37.5714285714286,2.97,0.27,0.27
2011-07-06,"DIW",2011,2011-12-31,3.2,25.4285714285714,2.97,-0.23,0.23
2011-10-06,"DIW",2011,2011-12-31,2.8,12.2857142857143,2.97,0.17,0.17
2012-01-04,"DIW",2012,2012-12-31,0.6,51.7142857142857,0.69,0.09,0.09
2012-04-04,"DIW",2012,2012-12-31,1,38.7142857142857,0.69,-0.31,0.31
2012-07-04,"DIW",2012,2012-12-31,1,25.7142857142857,0.69,-0.31,0.31
2012-10-02,"DIW",2012,2012-12-31,0.9,12.8571428571429,0.69,-0.21,0.21
2013-01-09,"DIW",2013,2013-12-31,0.9,50.8571428571429,0.38,-0.52,0.52
2013-04-10,"DIW",2013,2013-12-31,0.7,37.8571428571429,0.38,-0.32,0.32
2013-06-19,"DIW",2013,2013-12-31,0.4,27.8571428571429,0.38,-0.02,0.02
2013-09-18,"DIW",2013,2013-12-31,0.4,14.8571428571429,0.38,-0.02,0.02
2013-12-18,"DIW",2013,2013-12-31,0.4,1.85714285714286,0.38,-0.02,0.02
2014-03-13,"DIW",2014,2014-12-31,1.8,41.8571428571429,1.51,-0.29,0.29
2014-06-17,"DIW",2014,2014-12-31,1.8,28.1428571428571,1.51,-0.29,0.29
2014-09-17,"DIW",2014,2014-12-31,1.5,15,1.51,0.01,0.01
2014-12-17,"DIW",2014,2014-12-31,1.5,2,1.51,0.01,0.01
2015-03-18,"DIW",2015,2015-12-31,2.2,41.1428571428571,1.69,-0.51,0.51
2015-06-24,"DIW",2015,2015-12-31,1.8,27.1428571428571,1.69,-0.11,0.11
2015-09-16,"DIW",2015,2015-12-31,1.8,15.1428571428571,1.69,-0.11,0.11
2015-12-16,"DIW",2015,2015-12-31,1.7,2.14285714285714,1.69,-0.01,0.01
2016-03-16,"DIW",2016,2016-12-31,1.6,41.4285714285714,1.88,0.28,0.28
2016-06-15,"DIW",2016,2016-12-31,1.7,28.4285714285714,1.88,0.18,0.18
2016-09-08,"DIW",2016,2016-12-31,1.9,16.2857142857143,1.88,-0.02,0.02
2016-12-16,"DIW",2016,2016-12-31,1.8,2.14285714285714,1.88,0.0799999999999998,0.0799999999999998
2017-03-15,"DIW",2017,2017-12-31,1.4,41.5714285714286,2.23,0.83,0.83
2017-06-14,"DIW",2017,2017-12-31,1.5,28.5714285714286,2.23,0.73,0.73
2017-09-07,"DIW",2017,2017-12-31,1.9,16.4285714285714,2.23,0.33,0.33
2018-03-14,"DIW",2018,2018-12-31,2.4,41.7142857142857,1.47,-0.93,0.93
2018-06-13,"DIW",2018,2018-12-31,1.9,28.7142857142857,1.47,-0.43,0.43
2018-09-06,"DIW",2018,2018-12-31,1.8,16.5714285714286,1.47,-0.33,0.33
2018-12-12,"DIW",2018,2018-12-31,1.5,2.71428571428571,1.47,-0.03,0.03
2019-03-14,"DIW",2019,2019-12-31,1,41.7142857142857,0.57,-0.43,0.43
2019-06-13,"DIW",2019,2019-12-31,0.9,28.7142857142857,0.57,-0.33,0.33
2019-09-11,"DIW",2019,2019-12-31,0.5,15.8571428571429,0.57,0.07,0.07
2019-12-11,"DIW",2019,2019-12-31,0.5,2.85714285714286,0.57,0.07,0.07
2020-03-19,"DIW",2020,2020-12-31,-0.1,41,-4.98,-4.88,4.88
2020-06-11,"DIW",2020,2020-12-31,-9.4,29,-4.98,4.42,4.42
2020-09-10,"DIW",2020,2020-12-31,-6,16,-4.98,1.02,1.02
2020-12-10,"DIW",2020,2020-12-31,-5.1,3,-4.98,0.119999999999999,0.119999999999999
2021-03-18,"DIW",2021,2021-12-31,3,41.1428571428571,2.69,-0.31,0.31
2021-06-17,"DIW",2021,2021-12-31,3.2,28.1428571428571,2.69,-0.51,0.51
2021-09-16,"DIW",2021,2021-12-31,2.1,15.1428571428571,2.69,0.59,0.59
2022-02-23,"DIW",2022,2022-12-31,3,44.4285714285714,1.89,-1.11,1.11
2007-12-14,"BBK",2007,2007-12-31,2.5,2.42857142857143,2.48,-0.02,0.02
2008-06-20,"BBK",2008,2008-12-31,2.3,27.7142857142857,1.28,-1.02,1.02
2008-12-12,"BBK",2008,2008-12-31,1.6,2.71428571428571,1.28,-0.32,0.32
2009-06-19,"BBK",2009,2009-12-31,-6.2,27.8571428571429,-5,1.2,1.2
2009-12-11,"BBK",2009,2009-12-31,-4.9,2.85714285714286,-5,-0.0999999999999996,0.0999999999999996
2010-06-18,"BBK",2010,2010-12-31,1.9,28,3.61,1.71,1.71
2010-12-10,"BBK",2010,2010-12-31,3.6,3,3.61,0.00999999999999979,0.00999999999999979
2011-06-17,"BBK",2011,2011-12-31,3.1,28.1428571428571,2.97,-0.13,0.13
2011-12-16,"BBK",2011,2011-12-31,3,2.14285714285714,2.97,-0.0299999999999998,0.0299999999999998
2012-06-15,"BBK",2012,2012-12-31,1,28.4285714285714,0.69,-0.31,0.31
2012-12-14,"BBK",2012,2012-12-31,0.7,2.42857142857143,0.69,-0.01,0.01
2013-06-14,"BBK",2013,2013-12-31,0.3,28.5714285714286,0.38,0.08,0.08
2013-12-13,"BBK",2013,2013-12-31,0.5,2.57142857142857,0.38,-0.12,0.12
2014-06-13,"BBK",2014,2014-12-31,1.9,28.7142857142857,1.51,-0.39,0.39
2014-12-12,"BBK",2014,2014-12-31,1.4,2.71428571428571,1.51,0.11,0.11
2015-06-12,"BBK",2015,2015-12-31,1.7,28.8571428571429,1.69,-0.01,0.01
2015-12-18,"BBK",2015,2015-12-31,1.7,1.85714285714286,1.69,-0.01,0.01
2016-06-20,"BBK",2016,2016-12-31,1.7,27.7142857142857,1.88,0.18,0.18
2016-12-19,"BBK",2016,2016-12-31,1.9,1.71428571428571,1.88,-0.02,0.02
2017-06-26,"BBK",2017,2017-12-31,1.6,26.8571428571429,2.23,0.63,0.63
2017-12-18,"BBK",2017,2017-12-31,2.3,1.85714285714286,2.23,-0.0699999999999998,0.0699999999999998
2018-06-15,"BBK",2018,2018-12-31,2,28.4285714285714,1.47,-0.53,0.53
2018-12-17,"BBK",2018,2018-12-31,1.5,2,1.47,-0.03,0.03
2019-06-06,"BBK",2019,2019-12-31,0.6,29.7142857142857,0.57,-0.03,0.03
2019-12-12,"BBK",2019,2019-12-31,0.5,2.71428571428571,0.57,0.07,0.07
2020-06-04,"BBK",2020,2020-12-31,-6.8,30,-4.98,1.82,1.82
2020-12-10,"BBK",2020,2020-12-31,-5.1,3,-4.98,0.119999999999999,0.119999999999999
2021-06-10,"BBK",2021,2021-12-31,3.7,29.1428571428571,2.69,-1.01,1.01
2021-12-16,"BBK",2021,2021-12-31,2.5,2.14285714285714,2.69,0.19,0.19
2022-06-10,"BBK",2022,2022-12-31,1.9,29.1428571428571,1.89,-0.01,0.01
2022-12-16,"BBK",2022,2022-12-31,1.7,2.14285714285714,1.89,0.19,0.19
1991-07-30,"ifo",1992,1992-12-31,2,74.2857142857143,1.9,-0.1,0.1
1991-12-31,"ifo",1992,1992-12-31,2,52.2857142857143,1.9,-0.1,0.1
1992-07-31,"ifo",1993,1993-12-31,2.5,74,-1.3,-3.8,3.8
1992-12-31,"ifo",1993,1993-12-31,0,52.1428571428571,-1.3,-1.3,1.3
1993-07-23,"ifo",1994,1994-12-31,1,75.1428571428571,2.8,1.8,1.8
1993-12-20,"ifo",1994,1994-12-31,1.5,53.7142857142857,2.8,1.3,1.3
1994-07-29,"ifo",1995,1995-12-31,3,74.2857142857143,1.9,-1.1,1.1
1994-12-17,"ifo",1995,1995-12-31,3,54.1428571428571,1.9,-1.1,1.1
1995-07-26,"ifo",1996,1996-12-31,2.5,74.8571428571429,1.4,-1.1,1.1
1995-12-31,"ifo",1996,1996-12-31,1.8,52.2857142857143,1.4,-0.4,0.4
1996-07-24,"ifo",1997,1997-12-31,2,75,2.2,0.2,0.2
1996-12-13,"ifo",1997,1997-12-31,2.5,54.7142857142857,2.2,-0.3,0.3
1997-07-24,"ifo",1998,1998-12-31,2.8,75,2.8,0,0
1997-12-12,"ifo",1998,1998-12-31,2.6,54.8571428571429,2.8,0.2,0.2
1998-07-28,"ifo",1999,1999-12-31,2.5,74.4285714285714,1.4,-1.1,1.1
1998-12-17,"ifo",1999,1999-12-31,1.7,54.1428571428571,1.4,-0.3,0.3
1999-07-30,"ifo",2000,2000-12-31,2.4,74.2857142857143,3.09,0.69,0.69
1999-12-21,"ifo",2000,2000-12-31,2.7,53.7142857142857,3.09,0.39,0.39
2000-07-27,"ifo",2001,2001-12-31,2.8,74.5714285714286,0.58,-2.22,2.22
2000-12-20,"ifo",2001,2001-12-31,2.5,53.7142857142857,0.58,-1.92,1.92
2001-12-27,"ifo",2002,2002-12-31,0.6,52.7142857142857,0.17,-0.43,0.43
2002-08-14,"ifo",2003,2003-12-31,2.3,72,-0.12,-2.42,2.42
2002-12-31,"ifo",2003,2003-12-31,1.1,52.1428571428571,-0.12,-1.22,1.22
2003-07-17,"ifo",2004,2004-12-31,1.5,76.1428571428571,1.66,0.16,0.16
2003-12-27,"ifo",2004,2004-12-31,1.8,52.8571428571429,1.66,-0.14,0.14
2004-06-30,"ifo",2005,2005-12-31,1.7,78.4285714285714,0.87,-0.83,0.83
2004-12-30,"ifo",2005,2005-12-31,1.2,52.2857142857143,0.87,-0.33,0.33
2005-06-30,"ifo",2006,2006-12-31,1.2,78.4285714285714,2.47,1.27,1.27
2005-12-29,"ifo",2006,2006-12-31,1.7,52.4285714285714,2.47,0.77,0.77
2006-06-30,"ifo",2007,2007-12-31,1.7,78.4285714285714,2.48,0.78,0.78
2006-12-22,"ifo",2007,2007-12-31,1.9,53.4285714285714,2.48,0.58,0.58
2007-06-29,"ifo",2008,2008-12-31,2.5,78.7142857142857,1.28,-1.22,1.22
2007-12-21,"ifo",2008,2008-12-31,1.8,53.7142857142857,1.28,-0.52,0.52
2008-06-27,"ifo",2009,2009-12-31,1,78.8571428571429,-5,-6,6
2008-12-22,"ifo",2009,2009-12-31,-2.2,53.4285714285714,-5,-2.8,2.8
2009-06-26,"ifo",2010,2010-12-31,-0.3,79,3.61,3.91,3.91
2009-12-22,"ifo",2010,2010-12-31,1.7,53.4285714285714,3.61,1.91,1.91
2010-06-29,"ifo",2011,2011-12-31,1.5,78.5714285714286,2.97,1.47,1.47
2010-12-22,"ifo",2011,2011-12-31,2.4,53.4285714285714,2.97,0.57,0.57
2011-07-15,"ifo",2012,2012-12-31,2.3,76.4285714285714,0.69,-1.61,1.61
2011-12-23,"ifo",2012,2012-12-31,0.4,53.4285714285714,0.69,0.29,0.29
2012-07-13,"ifo",2013,2013-12-31,1.3,76.5714285714286,0.38,-0.92,0.92
2012-12-21,"ifo",2013,2013-12-31,0.7,53.5714285714286,0.38,-0.32,0.32
2013-07-11,"ifo",2014,2014-12-31,1.9,76.8571428571429,1.51,-0.39,0.39
2013-12-23,"ifo",2014,2014-12-31,1.9,53.2857142857143,1.51,-0.39,0.39
2014-07-10,"ifo",2015,2015-12-31,2.2,77,1.69,-0.51,0.51
2014-12-22,"ifo",2015,2015-12-31,1.5,53.4285714285714,1.69,0.19,0.19
2015-06-25,"ifo",2016,2016-12-31,1.8,79.2857142857143,1.88,0.0799999999999998,0.0799999999999998
2015-12-21,"ifo",2016,2016-12-31,1.9,53.7142857142857,1.88,-0.02,0.02
2016-06-23,"ifo",2017,2017-12-31,1.6,79.4285714285714,2.23,0.63,0.63
2016-12-22,"ifo",2017,2017-12-31,1.5,53.4285714285714,2.23,0.73,0.73
2017-06-29,"ifo",2018,2018-12-31,2,78.5714285714286,1.47,-0.53,0.53
2017-12-21,"ifo",2018,2018-12-31,2.6,53.5714285714286,1.47,-1.13,1.13
2018-04-12,"ifo",2019,2019-12-31,2.1,89.7142857142857,0.57,-1.53,1.53
2018-06-28,"ifo",2019,2019-12-31,1.8,78.7142857142857,0.57,-1.23,1.23
2018-09-13,"ifo",2019,2019-12-31,1.9,67.7142857142857,0.57,-1.33,1.33
2018-12-13,"ifo",2019,2019-12-31,1.1,54.7142857142857,0.57,-0.53,0.53
2019-03-21,"ifo",2020,2020-12-31,1.8,93,-4.98,-6.78,6.78
2019-06-27,"ifo",2020,2020-12-31,1.7,79,-4.98,-6.68,6.68
2019-09-12,"ifo",2020,2020-12-31,1.2,68,-4.98,-6.18,6.18
2019-12-19,"ifo",2020,2020-12-31,1.1,54,-4.98,-6.08,6.08
2020-04-15,"ifo",2021,2021-12-31,3.7,89.2857142857143,2.69,-1.01,1.01
2020-07-01,"ifo",2021,2021-12-31,6.4,78.2857142857143,2.69,-3.71,3.71
2020-09-22,"ifo",2021,2021-12-31,5.1,66.4285714285714,2.69,-2.41,2.41
2020-12-01,"ifo",2021,2021-12-31,4.2,56.4285714285714,2.69,-1.51,1.51
2021-03-24,"ifo",2022,2022-12-31,3.2,92.4285714285714,1.89,-1.31,1.31
2021-06-01,"ifo",2022,2022-12-31,4.3,82.5714285714286,1.89,-2.41,2.41
2021-09-22,"ifo",2022,2022-12-31,5.1,66.4285714285714,1.89,-3.21,3.21
2021-12-01,"ifo",2022,2022-12-31,3.7,56.4285714285714,1.89,-1.81,1.81
1991-11-12,"SVR",1992,1992-12-31,2.5,59.2857142857143,1.9,-0.6,0.6
1992-11-16,"SVR",1993,1993-12-31,0,58.5714285714286,-1.3,-1.3,1.3
1993-11-12,"SVR",1994,1994-12-31,0,59.1428571428571,2.8,2.8,2.8
1994-11-17,"SVR",1995,1995-12-31,3,58.4285714285714,1.9,-1.1,1.1
1995-11-14,"SVR",1996,1996-12-31,2,59,1.4,-0.6,0.6
1996-11-15,"SVR",1997,1997-12-31,2.5,58.7142857142857,2.2,-0.3,0.3
1997-11-14,"SVR",1998,1998-12-31,3,58.8571428571429,2.8,-0.2,0.2
1998-11-18,"SVR",1999,1999-12-31,2,58.2857142857143,1.4,-0.6,0.6
1999-11-16,"SVR",2000,2000-12-31,2.7,58.7142857142857,3.09,0.39,0.39
2000-11-15,"SVR",2001,2001-12-31,2.8,58.7142857142857,0.58,-2.22,2.22
2001-11-14,"SVR",2002,2002-12-31,0.7,58.8571428571429,0.17,-0.53,0.53
2002-11-13,"SVR",2003,2003-12-31,1,59,-0.12,-1.12,1.12
2003-11-07,"SVR",2004,2004-12-31,1.5,60,1.66,0.16,0.16
2004-11-12,"SVR",2005,2005-12-31,1.4,59.1428571428571,0.87,-0.53,0.53
2005-11-09,"SVR",2006,2006-12-31,1,59.5714285714286,2.47,1.47,1.47
2006-11-08,"SVR",2007,2007-12-31,1.8,59.7142857142857,2.48,0.68,0.68
2007-11-07,"SVR",2008,2008-12-31,1.9,60,1.28,-0.62,0.62
2008-11-12,"SVR",2009,2009-12-31,0,59.1428571428571,-5,-5,5
2009-11-13,"SVR",2010,2010-12-31,1.6,59,3.61,2.01,2.01
2010-11-10,"SVR",2011,2011-12-31,2.2,59.4285714285714,2.97,0.77,0.77
2011-11-09,"SVR",2012,2012-12-31,0.9,59.7142857142857,0.69,-0.21,0.21
2012-11-07,"SVR",2013,2013-12-31,0.8,59.8571428571429,0.38,-0.42,0.42
2013-11-13,"SVR",2014,2014-12-31,1.6,59,1.51,-0.0900000000000001,0.0900000000000001
2014-10-30,"SVR",2015,2015-12-31,1,61,1.69,0.69,0.69
2015-11-11,"SVR",2016,2016-12-31,1.6,59.4285714285714,1.88,0.28,0.28
2016-03-23,"SVR",2017,2017-12-31,1.6,92.5714285714286,2.23,0.63,0.63
2016-11-02,"SVR",2017,2017-12-31,1.3,60.5714285714286,2.23,0.93,0.93
2017-03-20,"SVR",2018,2018-12-31,1.6,93,1.47,-0.13,0.13
2017-11-08,"SVR",2018,2018-12-31,2.2,59.7142857142857,1.47,-0.73,0.73
2018-03-21,"SVR",2019,2019-12-31,1.8,92.8571428571429,0.57,-1.23,1.23
2018-11-07,"SVR",2019,2019-12-31,1.5,59.8571428571429,0.57,-0.93,0.93
2019-03-19,"SVR",2020,2020-12-31,1.7,93.2857142857143,-4.98,-6.68,6.68
2019-11-06,"SVR",2020,2020-12-31,0.9,60.1428571428571,-4.98,-5.88,5.88
2020-03-30,"SVR",2021,2021-12-31,3.7,91.5714285714286,2.69,-1.01,1.01
2020-06-23,"SVR",2021,2021-12-31,4.9,79.4285714285714,2.69,-2.21,2.21
2020-11-11,"SVR",2021,2021-12-31,3.7,59.2857142857143,2.69,-1.01,1.01
2021-03-17,"SVR",2022,2022-12-31,4,93.4285714285714,1.89,-2.11,2.11
2021-11-10,"SVR",2022,2022-12-31,4.6,59.4285714285714,1.89,-2.71,2.71
1991-07-15,"OECD",1992,1992-12-31,2.6,76.4285714285714,1.9,-0.7,0.7
1991-12-15,"OECD",1992,1992-12-31,2.2,54.5714285714286,1.9,-0.3,0.3
1992-06-15,"OECD",1993,1993-12-31,2.3,80.5714285714286,-1.3,-3.6,3.6
1992-12-21,"OECD",1993,1993-12-31,1.2,53.5714285714286,-1.3,-2.5,2.5
1993-06-15,"OECD",1994,1994-12-31,1.3,80.5714285714286,2.8,1.5,1.5
1993-12-18,"OECD",1994,1994-12-31,0.7,54,2.8,2.1,2.1
1994-06-14,"OECD",1995,1995-12-31,2.5,80.7142857142857,1.9,-0.6,0.6
1994-12-02,"OECD",1995,1995-12-31,2.7,56.2857142857143,1.9,-0.8,0.8
1995-06-20,"OECD",1996,1996-12-31,2.7,80,1.4,-1.3,1.3
1995-12-05,"OECD",1996,1996-12-31,2.4,56,1.4,-1,1
1996-06-05,"OECD",1997,1997-12-31,2.3,82,2.2,-0.0999999999999996,0.0999999999999996
1996-12-04,"OECD",1997,1997-12-31,2.1,56,2.2,0.1,0.1
1997-06-27,"OECD",1998,1998-12-31,3,78.8571428571429,2.8,-0.2,0.2
1997-12-11,"OECD",1998,1998-12-31,3.2,55,2.8,-0.4,0.4
1998-06-08,"OECD",1999,1999-12-31,3,81.5714285714286,1.4,-1.6,1.6
1998-12-18,"OECD",1999,1999-12-31,2.3,54,1.4,-0.9,0.9
1999-07-02,"OECD",2000,2000-12-31,2.1,78.2857142857143,3.09,0.99,0.99
2000-01-17,"OECD",2001,2001-12-31,2.4,102,0.58,-1.82,1.82
2000-08-30,"OECD",2001,2001-12-31,2.9,69.7142857142857,0.58,-2.32,2.32
2000-12-18,"OECD",2001,2001-12-31,2.6,54,0.58,-2.02,2.02
2001-06-13,"OECD",2002,2002-12-31,2.4,80.8571428571429,0.17,-2.23,2.23
2001-12-20,"OECD",2002,2002-12-31,1,53.7142857142857,0.17,-0.83,0.83
2002-06-14,"OECD",2003,2003-12-31,2.5,80.7142857142857,-0.12,-2.62,2.62
2002-12-24,"OECD",2003,2003-12-31,1.5,53.1428571428571,-0.12,-1.62,1.62
2003-06-13,"OECD",2004,2004-12-31,2.2,81,1.66,-0.54,0.54
2003-12-13,"OECD",2004,2004-12-31,1.9,54.8571428571429,1.66,-0.24,0.24
2004-05-10,"OECD",2005,2005-12-31,1.9,85.7142857142857,0.87,-1.03,1.03
2005-01-12,"OECD",2006,2006-12-31,2.1,102.571428571429,2.47,0.37,0.37
2005-06-30,"OECD",2006,2006-12-31,1.6,78.4285714285714,2.47,0.87,0.87
2006-01-19,"OECD",2007,2007-12-31,1.6,101.571428571429,2.48,0.88,0.88
2006-07-03,"OECD",2007,2007-12-31,1.5,78,2.48,0.98,0.98
2007-01-17,"OECD",2008,2008-12-31,2.4,102,1.28,-1.12,1.12
2007-06-28,"OECD",2008,2008-12-31,2.5,78.8571428571429,1.28,-1.22,1.22
2008-01-06,"OECD",2009,2009-12-31,1.6,103.571428571429,-5,-6.6,6.6
2008-06-04,"OECD",2009,2009-12-31,1.6,82.1428571428571,-5,-6.6,6.6
2008-11-25,"OECD",2009,2009-12-31,0.1,57.2857142857143,-5,-5.1,5.1
2009-06-24,"OECD",2010,2010-12-31,-0.2,79.2857142857143,3.61,3.81,3.81
2010-01-05,"OECD",2011,2011-12-31,0.6,103.571428571429,2.97,2.37,2.37
2010-05-26,"OECD",2011,2011-12-31,0.6,83.4285714285714,2.97,2.37,2.37
2010-12-07,"OECD",2011,2011-12-31,2.4,55.5714285714286,2.97,0.57,0.57
2011-05-25,"OECD",2012,2012-12-31,2.3,83.7142857142857,0.69,-1.61,1.61
2011-11-28,"OECD",2012,2012-12-31,0.4,57,0.69,0.29,0.29
2012-06-19,"OECD",2013,2013-12-31,1.8,80,0.38,-1.42,1.42
2012-12-17,"OECD",2013,2013-12-31,0.5,54.1428571428571,0.38,-0.12,0.12
2013-06-20,"OECD",2014,2014-12-31,1.9,79.8571428571429,1.51,-0.39,0.39
2013-11-19,"OECD",2014,2014-12-31,1.7,58.1428571428571,1.51,-0.19,0.19
2014-06-20,"OECD",2015,2015-12-31,2.3,79.8571428571429,1.69,-0.61,0.61
2014-11-25,"OECD",2015,2015-12-31,1.3,57.2857142857143,1.69,0.39,0.39
2015-06-19,"OECD",2016,2016-12-31,2.4,80.1428571428571,1.88,-0.52,0.52
2015-12-02,"OECD",2016,2016-12-31,1.9,56.4285714285714,1.88,-0.02,0.02
2016-06-01,"OECD",2017,2017-12-31,1.4,82.5714285714286,2.23,0.83,0.83
2016-11-28,"OECD",2017,2017-12-31,0.8,56.8571428571429,2.23,1.43,1.43
2017-06-07,"OECD",2018,2018-12-31,2,81.7142857142857,1.47,-0.53,0.53
2017-11-28,"OECD",2018,2018-12-31,2.3,56.8571428571429,1.47,-0.83,0.83
2018-05-30,"OECD",2019,2019-12-31,2.1,82.8571428571429,0.57,-1.53,1.53
2018-11-21,"OECD",2019,2019-12-31,1.6,57.8571428571429,0.57,-1.03,1.03
2019-05-21,"OECD",2020,2020-12-31,1.6,84.2857142857143,-4.98,-6.58,6.58
2019-11-08,"OECD",2020,2020-12-31,0.8,59.8571428571429,-4.98,-5.78,5.78
2014-09-15,"OECD",2015,2015-12-31,1.7,67.4285714285714,1.69,-0.01,0.01
2015-03-18,"OECD",2016,2016-12-31,2.3,93.4285714285714,1.88,-0.42,0.42
2015-09-15,"OECD",2016,2016-12-31,2.1,67.5714285714286,1.88,-0.22,0.22
2016-02-18,"OECD",2017,2017-12-31,1.4,97.4285714285714,2.23,0.83,0.83
2016-09-21,"OECD",2017,2017-12-31,1.2,66.5714285714286,2.23,1.03,1.03
2017-03-07,"OECD",2018,2018-12-31,1.7,94.8571428571429,1.47,-0.23,0.23
2017-09-20,"OECD",2018,2018-12-31,2.1,66.7142857142857,1.47,-0.63,0.63
2018-03-13,"OECD",2019,2019-12-31,2.2,94,0.57,-1.63,1.63
2018-09-20,"OECD",2019,2019-12-31,1.8,66.7142857142857,0.57,-1.23,1.23
2019-03-06,"OECD",2020,2020-12-31,1.5,95.1428571428571,-4.98,-6.48,6.48
2019-09-19,"OECD",2020,2020-12-31,1,67,-4.98,-5.98,5.98
2020-03-02,"OECD",2021,2021-12-31,0.9,95.5714285714286,2.69,1.79,1.79
2020-06-10,"OECD",2021,2021-12-31,1.7,81.2857142857143,2.69,0.99,0.99
2020-09-16,"OECD",2021,2021-12-31,4.6,67.2857142857143,2.69,-1.91,1.91
2020-12-01,"OECD",2021,2021-12-31,2.8,56.4285714285714,2.69,-0.11,0.11
2021-03-09,"OECD",2022,2022-12-31,3.6,94.5714285714286,1.89,-1.71,1.71
2021-05-31,"OECD",2022,2022-12-31,4.3,82.7142857142857,1.89,-2.41,2.41
2021-09-21,"OECD",2022,2022-12-31,4.5,66.5714285714286,1.89,-2.61,2.61
2021-12-01,"OECD",2022,2022-12-31,4,56.4285714285714,1.89,-2.11,2.11
1994-12-22,"IWH",1995,1995-12-31,3.3,53.4285714285714,1.9,-1.4,1.4
1995-09-01,"IWH",1996,1996-12-31,2,69.5714285714286,1.4,-0.6,0.6
1996-09-10,"IWH",1997,1997-12-31,1.8,68.1428571428571,2.2,0.4,0.4
1997-07-18,"IWH",1998,1998-12-31,2.5,75.8571428571429,2.8,0.3,0.3
1998-07-09,"IWH",1999,1999-12-31,2.7,77.1428571428571,1.4,-1.3,1.3
1999-07-02,"IWH",2000,2000-12-31,2.5,78.2857142857143,3.09,0.59,0.59
1999-12-20,"IWH",2000,2000-12-31,2.8,53.8571428571429,3.09,0.29,0.29
2000-07-13,"IWH",2001,2001-12-31,2.9,76.5714285714286,0.58,-2.32,2.32
2000-12-20,"IWH",2001,2001-12-31,2.7,53.7142857142857,0.58,-2.12,2.12
2001-06-20,"IWH",2002,2002-12-31,2.3,79.8571428571429,0.17,-2.13,2.13
2001-08-31,"IWH",2002,2002-12-31,2.2,69.5714285714286,0.17,-2.03,2.03
2001-12-12,"IWH",2002,2002-12-31,0.6,54.8571428571429,0.17,-0.43,0.43
2002-03-14,"IWH",2003,2003-12-31,2.6,93.8571428571429,-0.12,-2.72,2.72
2002-07-03,"IWH",2003,2003-12-31,2.5,78,-0.12,-2.62,2.62
2002-09-04,"IWH",2003,2003-12-31,2.3,69,-0.12,-2.42,2.42
2002-12-12,"IWH",2003,2003-12-31,1.1,54.8571428571429,-0.12,-1.22,1.22
2003-03-06,"IWH",2004,2004-12-31,2.1,95.1428571428571,1.66,-0.44,0.44
2003-07-07,"IWH",2004,2004-12-31,1.7,77.5714285714286,1.66,-0.04,0.04
2003-09-09,"IWH",2004,2004-12-31,1.8,68.4285714285714,1.66,-0.14,0.14
2003-12-16,"IWH",2004,2004-12-31,1.6,54.4285714285714,1.66,0.0599999999999998,0.0599999999999998
2004-03-04,"IWH",2005,2005-12-31,1.8,95.2857142857143,0.87,-0.93,0.93
2004-06-21,"IWH",2005,2005-12-31,1.8,79.7142857142857,0.87,-0.93,0.93
2004-09-07,"IWH",2005,2005-12-31,1.8,68.5714285714286,0.87,-0.93,0.93
2004-12-20,"IWH",2005,2005-12-31,1.3,53.7142857142857,0.87,-0.43,0.43
2005-03-09,"IWH",2006,2006-12-31,1.7,94.5714285714286,2.47,0.77,0.77
2005-06-29,"IWH",2006,2006-12-31,1.5,78.5714285714286,2.47,0.97,0.97
2005-09-13,"IWH",2006,2006-12-31,1.6,67.7142857142857,2.47,0.87,0.87
2005-12-21,"IWH",2006,2006-12-31,1.7,53.5714285714286,2.47,0.77,0.77
2006-03-15,"IWH",2007,2007-12-31,1.2,93.7142857142857,2.48,1.28,1.28
2006-06-08,"IWH",2007,2007-12-31,1.2,81.5714285714286,2.48,1.28,1.28
2006-09-12,"IWH",2007,2007-12-31,0.8,67.8571428571429,2.48,1.68,1.68
2006-12-21,"IWH",2007,2007-12-31,1.4,53.5714285714286,2.48,1.08,1.08
2007-03-14,"IWH",2008,2008-12-31,2.5,94,1.28,-1.22,1.22
2007-07-11,"IWH",2008,2008-12-31,2.5,77,1.28,-1.22,1.22
2007-12-18,"IWH",2008,2008-12-31,1.8,54.1428571428571,1.28,-0.52,0.52
2008-03-18,"IWH",2009,2009-12-31,1.8,93.2857142857143,-5,-6.8,6.8
2008-07-09,"IWH",2009,2009-12-31,1.3,77.1428571428571,-5,-6.3,6.3
2008-09-09,"IWH",2009,2009-12-31,0.9,68.2857142857143,-5,-5.9,5.9
2008-12-18,"IWH",2009,2009-12-31,-1.9,54,-5,-3.1,3.1
2009-03-17,"IWH",2010,2010-12-31,-0.2,93.4285714285714,3.61,3.81,3.81
2009-10-15,"IWH",2010,2010-12-31,0.9,63.1428571428571,3.61,2.71,2.71
2009-12-16,"IWH",2010,2010-12-31,1.9,54.2857142857143,3.61,1.71,1.71
2010-03-15,"IWH",2011,2011-12-31,1.8,93.7142857142857,2.97,1.17,1.17
2010-09-15,"IWH",2011,2011-12-31,2,67.4285714285714,2.97,0.97,0.97
2010-12-15,"IWH",2011,2011-12-31,2.3,54.4285714285714,2.97,0.67,0.67
2011-03-09,"IWH",2012,2012-12-31,1.9,94.7142857142857,0.69,-1.21,1.21
2011-09-13,"IWH",2012,2012-12-31,0.8,67.8571428571429,0.69,-0.11,0.11
2011-12-15,"IWH",2012,2012-12-31,0.3,54.5714285714286,0.69,0.39,0.39
2012-03-14,"IWH",2013,2013-12-31,2.2,93.8571428571429,0.38,-1.82,1.82
2012-09-13,"IWH",2013,2013-12-31,0.8,67.7142857142857,0.38,-0.42,0.42
2012-12-13,"IWH",2013,2013-12-31,0.7,54.7142857142857,0.38,-0.32,0.32
2013-03-14,"IWH",2014,2014-12-31,2.4,93.8571428571429,1.51,-0.89,0.89
2013-06-13,"IWH",2014,2014-12-31,2,80.8571428571429,1.51,-0.49,0.49
2013-09-19,"IWH",2014,2014-12-31,2,66.8571428571429,1.51,-0.49,0.49
2013-12-12,"IWH",2014,2014-12-31,1.8,54.8571428571429,1.51,-0.29,0.29
2014-03-13,"IWH",2015,2015-12-31,2,94,1.69,-0.31,0.31
2014-06-18,"IWH",2015,2015-12-31,2,80.1428571428571,1.69,-0.31,0.31
2014-09-12,"IWH",2015,2015-12-31,1.6,67.8571428571429,1.69,0.0899999999999999,0.0899999999999999
2014-12-18,"IWH",2015,2015-12-31,1.2,54,1.69,0.49,0.49
2015-03-12,"IWH",2016,2016-12-31,1.6,94.2857142857143,1.88,0.28,0.28
2015-06-16,"IWH",2016,2016-12-31,1.7,80.5714285714286,1.88,0.18,0.18
2015-09-10,"IWH",2016,2016-12-31,1.7,68.2857142857143,1.88,0.18,0.18
2015-12-16,"IWH",2016,2016-12-31,1.6,54.4285714285714,1.88,0.28,0.28
2016-03-16,"IWH",2017,2017-12-31,1.4,93.5714285714286,2.23,0.83,0.83
2016-06-09,"IWH",2017,2017-12-31,1.6,81.4285714285714,2.23,0.63,0.63
2016-09-01,"IWH",2017,2017-12-31,1.2,69.4285714285714,2.23,1.03,1.03
2016-12-14,"IWH",2017,2017-12-31,1.2,54.5714285714286,2.23,1.03,1.03
2017-03-15,"IWH",2018,2018-12-31,1.6,93.7142857142857,1.47,-0.13,0.13
2017-06-08,"IWH",2018,2018-12-31,1.8,81.5714285714286,1.47,-0.33,0.33
2017-09-07,"IWH",2018,2018-12-31,2,68.5714285714286,1.47,-0.53,0.53
2017-12-14,"IWH",2018,2018-12-31,2.2,54.5714285714286,1.47,-0.73,0.73
2018-03-15,"IWH",2019,2019-12-31,1.6,93.7142857142857,0.57,-1.03,1.03
2018-06-14,"IWH",2019,2019-12-31,1.6,80.7142857142857,0.57,-1.03,1.03
2018-09-05,"IWH",2019,2019-12-31,1.7,68.8571428571429,0.57,-1.13,1.13
2018-12-19,"IWH",2019,2019-12-31,1.4,53.8571428571429,0.57,-0.83,0.83
2019-03-07,"IWH",2020,2020-12-31,2,95,-4.98,-6.98,6.98
2019-06-13,"IWH",2020,2020-12-31,1.9,81,-4.98,-6.88,6.88
2019-09-05,"IWH",2020,2020-12-31,1.1,69,-4.98,-6.08,6.08
2019-12-16,"IWH",2020,2020-12-31,1.1,54.4285714285714,-4.98,-6.08,6.08
2020-03-12,"IWH",2021,2021-12-31,1.9,94.1428571428571,2.69,0.79,0.79
2020-06-16,"IWH",2021,2021-12-31,3.2,80.4285714285714,2.69,-0.51,0.51
2020-09-16,"IWH",2021,2021-12-31,3.1,67.2857142857143,2.69,-0.41,0.41
2020-12-16,"IWH",2021,2021-12-31,4.4,54.2857142857143,2.69,-1.71,1.71
2021-03-11,"IWH",2022,2022-12-31,3.6,94.2857142857143,1.89,-1.71,1.71
2021-06-15,"IWH",2022,2022-12-31,4,80.5714285714286,1.89,-2.11,2.11
2021-09-14,"IWH",2022,2022-12-31,3.6,67.5714285714286,1.89,-1.71,1.71
2021-12-14,"IWH",2022,2022-12-31,3.5,54.5714285714286,1.89,-1.61,1.61
1992-05-01,"IMF",1993,1993-12-31,3,87,-1.3,-4.3,4.3
1993-06-15,"IMF",1994,1994-12-31,1.7,80.5714285714286,2.8,1.1,1.1
1993-10-01,"IMF",1994,1994-12-31,1.7,65.1428571428571,2.8,1.1,1.1
1994-05-01,"IMF",1995,1995-12-31,1.2,87,1.9,0.7,0.7
1994-10-01,"IMF",1995,1995-12-31,2.8,65.1428571428571,1.9,-0.9,0.9
1995-05-01,"IMF",1996,1996-12-31,3.3,87.1428571428571,1.4,-1.9,1.9
1995-10-01,"IMF",1996,1996-12-31,2.9,65.2857142857143,1.4,-1.5,1.5
1996-05-01,"IMF",1997,1997-12-31,2.9,87,2.2,-0.7,0.7
1996-10-01,"IMF",1997,1997-12-31,2.4,65.1428571428571,2.2,-0.2,0.2
1997-05-01,"IMF",1998,1998-12-31,3,87,2.8,-0.2,0.2
1997-10-01,"IMF",1998,1998-12-31,2.8,65.1428571428571,2.8,0,0
1998-05-01,"IMF",1999,1999-12-31,2.8,87,1.4,-1.4,1.4
1998-10-01,"IMF",1999,1999-12-31,2.5,65.1428571428571,1.4,-1.1,1.1
1999-05-01,"IMF",2000,2000-12-31,2.8,87.1428571428571,3.09,0.29,0.29
1999-09-22,"IMF",2000,2000-12-31,2.5,66.5714285714286,3.09,0.59,0.59
2000-05-12,"IMF",2001,2001-12-31,3.3,85.4285714285714,0.58,-2.72,2.72
2000-09-19,"IMF",2001,2001-12-31,3.3,66.8571428571429,0.58,-2.72,2.72
2001-05-01,"IMF",2002,2002-12-31,2.6,87,0.17,-2.43,2.43
2001-10-31,"IMF",2002,2002-12-31,1.8,60.8571428571429,0.17,-1.63,1.63
2001-12-18,"IMF",2002,2002-12-31,0.7,54,0.17,-0.53,0.53
2002-04-18,"IMF",2003,2003-12-31,2.7,88.8571428571429,-0.12,-2.82,2.82
2002-09-25,"IMF",2003,2003-12-31,2,66,-0.12,-2.12,2.12
2003-04-09,"IMF",2004,2004-12-31,1.9,90.2857142857143,1.66,-0.24,0.24
2003-09-13,"IMF",2004,2004-12-31,1.5,67.8571428571429,1.66,0.16,0.16
2004-04-14,"IMF",2005,2005-12-31,1.9,89.4285714285714,0.87,-1.03,1.03
2004-09-29,"IMF",2005,2005-12-31,1.8,65.4285714285714,0.87,-0.93,0.93
2005-04-07,"IMF",2006,2006-12-31,1.9,90.4285714285714,2.47,0.57,0.57
2005-09-14,"IMF",2006,2006-12-31,1.2,67.5714285714286,2.47,1.27,1.27
2006-04-13,"IMF",2007,2007-12-31,1.1,89.5714285714286,2.48,1.38,1.38
2006-09-14,"IMF",2007,2007-12-31,1.3,67.5714285714286,2.48,1.18,1.18
2007-04-11,"IMF",2008,2008-12-31,1.9,90,1.28,-0.62,0.62
2007-07-25,"IMF",2008,2008-12-31,2.4,75,1.28,-1.12,1.12
2007-10-09,"IMF",2008,2008-12-31,2,64.1428571428571,1.28,-0.72,0.72
2008-04-03,"IMF",2009,2009-12-31,1,91,-5,-6,6
2008-07-15,"IMF",2009,2009-12-31,1,76.2857142857143,-5,-6,6
2008-10-08,"IMF",2009,2009-12-31,0,64.1428571428571,-5,-5,5
2009-01-28,"IMF",2010,2010-12-31,0.1,100.285714285714,3.61,3.51,3.51
2009-04-16,"IMF",2010,2010-12-31,-1,89.1428571428571,3.61,4.61,4.61
2009-07-08,"IMF",2010,2010-12-31,-0.6,77.2857142857143,3.61,4.21,4.21
2009-10-01,"IMF",2010,2010-12-31,0.3,65.1428571428571,3.61,3.31,3.31
2010-01-26,"IMF",2011,2011-12-31,1.9,100.571428571429,2.97,1.07,1.07
2010-04-16,"IMF",2011,2011-12-31,1.8,89.1428571428571,2.97,1.17,1.17
2010-07-07,"IMF",2011,2011-12-31,1.6,77.4285714285714,2.97,1.37,1.37
2010-10-06,"IMF",2011,2011-12-31,2,64.4285714285714,2.97,0.97,0.97
2011-01-25,"IMF",2012,2012-12-31,2,100.857142857143,0.69,-1.31,1.31
2011-04-11,"IMF",2012,2012-12-31,2.1,90,0.69,-1.41,1.41
2011-06-17,"IMF",2012,2012-12-31,2,80.4285714285714,0.69,-1.31,1.31
2011-09-21,"IMF",2012,2012-12-31,1.3,66.7142857142857,0.69,-0.61,0.61
2012-01-24,"IMF",2013,2013-12-31,1.5,101,0.38,-1.12,1.12
2012-04-17,"IMF",2013,2013-12-31,1.5,89,0.38,-1.12,1.12
2012-07-16,"IMF",2013,2013-12-31,1.4,76.1428571428571,0.38,-1.02,1.02
2012-10-09,"IMF",2013,2013-12-31,0.8,64,0.38,-0.42,0.42
2013-01-23,"IMF",2014,2014-12-31,1.4,101,1.51,0.11,0.11
2013-04-16,"IMF",2014,2014-12-31,1.5,89.1428571428571,1.51,0.01,0.01
2013-07-09,"IMF",2014,2014-12-31,1.3,77.1428571428571,1.51,0.21,0.21
2013-10-08,"IMF",2014,2014-12-31,1.4,64.1428571428571,1.51,0.11,0.11
2014-01-21,"IMF",2015,2015-12-31,1.4,101.285714285714,1.69,0.29,0.29
2014-04-08,"IMF",2015,2015-12-31,1.6,90.2857142857143,1.69,0.0899999999999999,0.0899999999999999
2014-07-24,"IMF",2015,2015-12-31,1.7,75,1.69,-0.01,0.01
2014-10-07,"IMF",2015,2015-12-31,1.4,64.2857142857143,1.69,0.29,0.29
2015-01-20,"IMF",2016,2016-12-31,1.5,101.571428571429,1.88,0.38,0.38
2015-04-14,"IMF",2016,2016-12-31,1.7,89.5714285714286,1.88,0.18,0.18
2015-07-09,"IMF",2016,2016-12-31,1.7,77.2857142857143,1.88,0.18,0.18
2015-09-28,"IMF",2016,2016-12-31,1.6,65.7142857142857,1.88,0.28,0.28
2016-01-19,"IMF",2017,2017-12-31,1.7,101.714285714286,2.23,0.53,0.53
2016-04-12,"IMF",2017,2017-12-31,1.6,89.7142857142857,2.23,0.63,0.63
2016-07-19,"IMF",2017,2017-12-31,1.4,75.7142857142857,2.23,0.83,0.83
2016-10-04,"IMF",2017,2017-12-31,1.4,64.7142857142857,2.23,0.83,0.83
2017-01-16,"IMF",2018,2018-12-31,1.5,102,1.47,-0.03,0.03
2017-04-18,"IMF",2018,2018-12-31,1.5,88.8571428571429,1.47,-0.03,0.03
2017-07-23,"IMF",2018,2018-12-31,1.6,75.1428571428571,1.47,-0.13,0.13
2017-10-10,"IMF",2018,2018-12-31,1.8,63.8571428571429,1.47,-0.33,0.33
2018-01-22,"IMF",2019,2019-12-31,2,101.142857142857,0.57,-1.43,1.43
2018-04-09,"IMF",2019,2019-12-31,2,90.1428571428571,0.57,-1.43,1.43
2018-07-16,"IMF",2019,2019-12-31,2.1,76.1428571428571,0.57,-1.53,1.53
2018-10-03,"IMF",2019,2019-12-31,1.9,64.8571428571429,0.57,-1.33,1.33
2019-01-11,"IMF",2020,2020-12-31,1.6,102.857142857143,-4.98,-6.58,6.58
2019-04-02,"IMF",2020,2020-12-31,1.4,91.2857142857143,-4.98,-6.38,6.38
2019-07-18,"IMF",2020,2020-12-31,1.7,76,-4.98,-6.68,6.68
2019-10-15,"IMF",2020,2020-12-31,1.2,63.2857142857143,-4.98,-6.18,6.18
2020-01-09,"IMF",2021,2021-12-31,1.4,103.142857142857,2.69,1.29,1.29
2020-05-01,"IMF",2021,2021-12-31,5.2,87,2.69,-2.51,2.51
2020-06-24,"IMF",2021,2021-12-31,5.4,79.2857142857143,2.69,-2.71,2.71
2020-10-07,"IMF",2021,2021-12-31,4.2,64.2857142857143,2.69,-1.51,1.51
2021-01-20,"IMF",2022,2022-12-31,3.1,101.428571428571,1.89,-1.21,1.21
2021-03-23,"IMF",2022,2022-12-31,3.4,92.5714285714286,1.89,-1.51,1.51
2021-07-27,"IMF",2022,2022-12-31,4.1,74.5714285714286,1.89,-2.21,2.21
2021-10-12,"IMF",2022,2022-12-31,4.6,63.5714285714286,1.89,-2.71,2.71
1991-10-24,"GD",1992,1992-12-31,2.5,62,1.9,-0.6,0.6
1992-10-29,"GD",1993,1993-12-31,1,61.1428571428571,-1.3,-2.3,2.3
1993-10-28,"GD",1994,1994-12-31,1.5,61.2857142857143,2.8,1.3,1.3
1994-10-27,"GD",1995,1995-12-31,3,61.4285714285714,1.9,-1.1,1.1
1995-10-19,"GD",1996,1996-12-31,2.5,62.7142857142857,1.4,-1.1,1.1
1996-10-24,"GD",1997,1997-12-31,2.5,61.8571428571429,2.2,-0.3,0.3
1997-04-17,"GD",1998,1998-12-31,2.8,89,2.8,0,0
1997-10-25,"GD",1998,1998-12-31,2.8,61.7142857142857,2.8,0,0
1998-05-09,"GD",1999,1999-12-31,2.7,85.8571428571429,1.4,-1.3,1.3
1998-10-16,"GD",1999,1999-12-31,2.3,63,1.4,-0.9,0.9
1999-05-15,"GD",2000,2000-12-31,2.6,85.1428571428571,3.09,0.49,0.49
1999-10-22,"GD",2000,2000-12-31,2.7,62.2857142857143,3.09,0.39,0.39
2000-04-14,"GD",2001,2001-12-31,2.8,89.4285714285714,0.58,-2.22,2.22
2000-10-20,"GD",2001,2001-12-31,2.7,62.4285714285714,0.58,-2.12,2.12
2001-04-06,"GD",2002,2002-12-31,2.2,90.5714285714286,0.17,-2.03,2.03
2001-10-19,"GD",2002,2002-12-31,1.3,62.5714285714286,0.17,-1.13,1.13
2002-04-19,"GD",2003,2003-12-31,2.4,88.7142857142857,-0.12,-2.52,2.52
2002-10-18,"GD",2003,2003-12-31,1.4,62.7142857142857,-0.12,-1.52,1.52
2003-04-11,"GD",2004,2004-12-31,1.8,90,1.66,-0.14,0.14
2003-10-17,"GD",2004,2004-12-31,1.7,63,1.66,-0.04,0.04
2004-04-23,"GD",2005,2005-12-31,1.5,88.1428571428571,0.87,-0.63,0.63
2004-10-15,"GD",2005,2005-12-31,1.5,63.1428571428571,0.87,-0.63,0.63
2005-04-22,"GD",2006,2006-12-31,1.4,88.2857142857143,2.47,1.07,1.07
2005-10-19,"GD",2006,2006-12-31,1.1,62.5714285714286,2.47,1.37,1.37
2006-04-26,"GD",2007,2007-12-31,1.2,87.7142857142857,2.48,1.28,1.28
2006-10-17,"GD",2007,2007-12-31,1.4,62.8571428571429,2.48,1.08,1.08
2007-04-17,"GD",2008,2008-12-31,2.4,89.1428571428571,1.28,-1.12,1.12
2007-10-16,"GD",2008,2008-12-31,2.2,63.1428571428571,1.28,-0.92,0.92
2008-04-15,"GD",2009,2009-12-31,1.4,89.2857142857143,-5,-6.4,6.4
2008-10-10,"GD",2009,2009-12-31,0.2,63.8571428571429,-5,-5.2,5.2
2009-04-21,"GD",2010,2010-12-31,-0.5,88.4285714285714,3.61,4.11,4.11
2009-10-13,"GD",2010,2010-12-31,1.2,63.4285714285714,3.61,2.41,2.41
2010-04-13,"GD",2011,2011-12-31,1.4,89.5714285714286,2.97,1.57,1.57
2010-10-12,"GD",2011,2011-12-31,2,63.5714285714286,2.97,0.97,0.97
2011-04-05,"GD",2012,2012-12-31,2,90.8571428571429,0.69,-1.31,1.31
2011-10-11,"GD",2012,2012-12-31,0.8,63.8571428571429,0.69,-0.11,0.11
2012-04-17,"GD",2013,2013-12-31,2,89,0.38,-1.62,1.62
2012-10-09,"GD",2013,2013-12-31,1,64,0.38,-0.62,0.62
2013-04-16,"GD",2014,2014-12-31,1.9,89.1428571428571,1.51,-0.39,0.39
2013-10-15,"GD",2014,2014-12-31,1.8,63.1428571428571,1.51,-0.29,0.29
2014-04-18,"GD",2015,2015-12-31,2,88.8571428571429,1.69,-0.31,0.31
2014-10-12,"GD",2015,2015-12-31,1.2,63.5714285714286,1.69,0.49,0.49
2015-04-16,"GD",2016,2016-12-31,1.8,89.2857142857143,1.88,0.0799999999999998,0.0799999999999998
2015-10-08,"GD",2016,2016-12-31,1.8,64.2857142857143,1.88,0.0799999999999998,0.0799999999999998
2016-04-14,"GD",2017,2017-12-31,1.5,89.4285714285714,2.23,0.73,0.73
2016-09-29,"GD",2017,2017-12-31,1.4,65.4285714285714,2.23,0.83,0.83
2017-04-12,"GD",2018,2018-12-31,1.8,89.7142857142857,1.47,-0.33,0.33
2017-09-28,"GD",2018,2018-12-31,2,65.5714285714286,1.47,-0.53,0.53
2018-04-19,"GD",2019,2019-12-31,2,88.7142857142857,0.57,-1.43,1.43
2018-09-27,"GD",2019,2019-12-31,1.9,65.7142857142857,0.57,-1.33,1.33
2019-04-04,"GD",2020,2020-12-31,1.8,91,-4.98,-6.78,6.78
2019-10-02,"GD",2020,2020-12-31,1.1,65.1428571428571,-4.98,-6.08,6.08
2020-04-08,"GD",2021,2021-12-31,5.8,90.2857142857143,2.69,-3.11,3.11
2020-10-15,"GD",2021,2021-12-31,4.7,63.1428571428571,2.69,-2.01,2.01
2021-04-15,"GD",2022,2022-12-31,3.9,89.2857142857143,1.89,-2.01,2.01
2021-10-14,"GD",2022,2022-12-31,4.8,63.2857142857143,1.89,-2.91,2.91
2001-12-05,"ECB",2002,2002-12-31,0.8,55.8571428571429,0.17,-0.63,0.63
2002-06-05,"ECB",2003,2003-12-31,2.1,82,-0.12,-2.22,2.22
2002-12-04,"ECB",2003,2003-12-31,1.2,56,-0.12,-1.32,1.32
2002-06-04,"ECB",2003,2003-12-31,1,82.1428571428571,-0.12,-1.12,1.12
2003-12-03,"ECB",2004,2004-12-31,1.2,56.2857142857143,1.66,0.46,0.46
2004-06-03,"ECB",2005,2005-12-31,1.9,82.2857142857143,0.87,-1.03,1.03
2004-12-02,"ECB",2005,2005-12-31,1.3,56.2857142857143,0.87,-0.43,0.43
2005-06-02,"ECB",2006,2006-12-31,1.5,82.4285714285714,2.47,0.97,0.97
2005-12-01,"ECB",2006,2006-12-31,1.4,56.4285714285714,2.47,1.07,1.07
2006-06-08,"ECB",2007,2007-12-31,1,81.5714285714286,2.48,1.48,1.48
2006-12-07,"ECB",2007,2007-12-31,1.7,55.5714285714286,2.48,0.78,0.78
2007-06-06,"ECB",2008,2008-12-31,2.2,82,1.28,-0.92,0.92
2007-12-06,"ECB",2008,2008-12-31,1.6,55.8571428571429,1.28,-0.32,0.32
2008-06-05,"ECB",2009,2009-12-31,1.4,82,-5,-6.4,6.4
2008-12-04,"ECB",2009,2009-12-31,-0.8,56,-5,-4.2,4.2
2009-06-04,"ECB",2010,2010-12-31,-0.1,82.1428571428571,3.61,3.71,3.71
2009-12-03,"ECB",2010,2010-12-31,1.4,56.1428571428571,3.61,2.21,2.21
2010-06-10,"ECB",2011,2011-12-31,1.5,81.2857142857143,2.97,1.47,1.47
2010-12-02,"ECB",2011,2011-12-31,2.1,56.2857142857143,2.97,0.87,0.87
2011-06-09,"ECB",2012,2012-12-31,2,81.5714285714286,0.69,-1.31,1.31
2011-12-08,"ECB",2012,2012-12-31,0.8,55.5714285714286,0.69,-0.11,0.11
2012-06-06,"ECB",2013,2013-12-31,1.7,81.8571428571429,0.38,-1.32,1.32
2012-12-06,"ECB",2013,2013-12-31,0.5,55.7142857142857,0.38,-0.12,0.12
2013-06-06,"ECB",2014,2014-12-31,1.5,81.8571428571429,1.51,0.01,0.01
2013-12-05,"ECB",2014,2014-12-31,1.7,55.8571428571429,1.51,-0.19,0.19
2014-06-05,"ECB",2015,2015-12-31,1.8,82,1.69,-0.11,0.11
2014-12-04,"ECB",2015,2015-12-31,0.8,56,1.69,0.89,0.89
2015-06-03,"ECB",2016,2016-12-31,1.7,82.4285714285714,1.88,0.18,0.18
2015-12-03,"ECB",2016,2016-12-31,1.7,56.2857142857143,1.88,0.18,0.18
2016-06-02,"ECB",2017,2017-12-31,1.6,82.4285714285714,2.23,0.63,0.63
2016-12-08,"ECB",2017,2017-12-31,1.8,55.4285714285714,2.23,0.43,0.43
2017-06-08,"ECB",2018,2018-12-31,1.7,81.5714285714286,1.47,-0.23,0.23
2017-12-14,"ECB",2018,2018-12-31,2.5,54.5714285714286,1.47,-1.03,1.03
2018-06-14,"ECB",2019,2019-12-31,1.9,80.7142857142857,0.57,-1.33,1.33
2018-12-13,"ECB",2019,2019-12-31,1.6,54.7142857142857,0.57,-1.03,1.03
2019-06-06,"ECB",2020,2020-12-31,1.2,82,-4.98,-6.18,6.18
2019-12-12,"ECB",2020,2020-12-31,0.6,55,-4.98,-5.58,5.58
2020-06-04,"ECB",2021,2021-12-31,3.2,82.1428571428571,2.69,-0.51,0.51
2020-12-10,"ECB",2021,2021-12-31,3,55.1428571428571,2.69,-0.31,0.31
2021-06-10,"ECB",2022,2022-12-31,5.2,81.2857142857143,1.89,-3.31,3.31
2021-12-16,"ECB",2022,2022-12-31,4.2,54.2857142857143,1.89,-2.31,2.31
1998-10-21,"EC",1999,1999-12-31,2.6,62.2857142857143,1.4,-1.2,1.2
1999-04-15,"EC",2000,2000-12-31,2.4,89.4285714285714,3.09,0.69,0.69
2000-04-11,"EC",2001,2001-12-31,2.9,89.8571428571429,0.58,-2.32,2.32
2000-11-22,"EC",2001,2001-12-31,2.8,57.7142857142857,0.58,-2.22,2.22
2001-04-25,"EC",2002,2002-12-31,2.6,87.8571428571429,0.17,-2.43,2.43
2001-11-21,"EC",2002,2002-12-31,0.7,57.8571428571429,0.17,-0.53,0.53
2002-04-24,"EC",2003,2003-12-31,2.7,88,-0.12,-2.82,2.82
2002-11-13,"EC",2003,2003-12-31,1.4,59,-0.12,-1.52,1.52
2003-04-08,"EC",2004,2004-12-31,2,90.4285714285714,1.66,-0.34,0.34
2003-10-29,"EC",2004,2004-12-31,1.6,61.2857142857143,1.66,0.0599999999999998,0.0599999999999998
2004-04-07,"EC",2005,2005-12-31,1.8,90.4285714285714,0.87,-0.93,0.93
2004-10-26,"EC",2005,2005-12-31,1.5,61.5714285714286,0.87,-0.63,0.63
2005-04-04,"EC",2006,2006-12-31,1.6,90.8571428571429,2.47,0.87,0.87
2005-11-17,"EC",2006,2006-12-31,1.2,58.4285714285714,2.47,1.27,1.27
2006-05-08,"EC",2007,2007-12-31,1,86,2.48,1.48,1.48
2006-11-06,"EC",2007,2007-12-31,1.2,60,2.48,1.28,1.28
2007-05-07,"EC",2008,2008-12-31,2.4,86.2857142857143,1.28,-1.12,1.12
2007-11-09,"EC",2008,2008-12-31,2.1,59.7142857142857,1.28,-0.82,0.82
2008-04-28,"EC",2009,2009-12-31,1.5,87.4285714285714,-5,-6.5,6.5
2008-11-03,"EC",2009,2009-12-31,0,60.4285714285714,-5,-5,5
2009-01-19,"EC",2010,2010-12-31,0.7,101.571428571429,3.61,2.91,2.91
2009-05-04,"EC",2010,2010-12-31,0.3,86.5714285714286,3.61,3.31,3.31
2009-11-03,"EC",2010,2010-12-31,1.2,60.4285714285714,3.61,2.41,2.41
2010-05-05,"EC",2011,2011-12-31,1.6,86.4285714285714,2.97,1.37,1.37
2010-11-29,"EC",2011,2011-12-31,2.2,56.7142857142857,2.97,0.77,0.77
2011-05-13,"EC",2012,2012-12-31,1.9,85.4285714285714,0.69,-1.21,1.21
2011-11-10,"EC",2012,2012-12-31,0.8,59.5714285714286,0.69,-0.11,0.11
2012-05-11,"EC",2013,2013-12-31,1.7,85.5714285714286,0.38,-1.32,1.32
2012-11-07,"EC",2013,2013-12-31,0.8,59.8571428571429,0.38,-0.42,0.42
2013-02-22,"EC",2014,2014-12-31,2,96.7142857142857,1.51,-0.49,0.49
2013-05-03,"EC",2014,2014-12-31,1.8,86.7142857142857,1.51,-0.29,0.29
2013-11-05,"EC",2014,2014-12-31,1.7,60.1428571428571,1.51,-0.19,0.19
2014-02-25,"EC",2015,2015-12-31,2,96.2857142857143,1.69,-0.31,0.31
2014-05-05,"EC",2015,2015-12-31,2,86.4285714285714,1.69,-0.31,0.31
2014-11-04,"EC",2015,2015-12-31,1.1,60.2857142857143,1.69,0.59,0.59
2015-02-05,"EC",2016,2016-12-31,2,99.2857142857143,1.88,-0.12,0.12
2015-05-05,"EC",2016,2016-12-31,2,86.5714285714286,1.88,-0.12,0.12
2015-11-05,"EC",2016,2016-12-31,1.9,60.2857142857143,1.88,-0.02,0.02
2016-02-04,"EC",2017,2017-12-31,1.8,99.4285714285714,2.23,0.43,0.43
2016-05-03,"EC",2017,2017-12-31,1.6,86.7142857142857,2.23,0.63,0.63
2016-11-09,"EC",2017,2017-12-31,1.5,59.5714285714286,2.23,0.73,0.73
2017-02-13,"EC",2018,2018-12-31,1.8,98,1.47,-0.33,0.33
2017-05-11,"EC",2018,2018-12-31,1.9,85.5714285714286,1.47,-0.43,0.43
2017-11-09,"EC",2018,2018-12-31,2.1,59.5714285714286,1.47,-0.63,0.63
2018-02-02,"EC",2019,2019-12-31,2.1,99.5714285714286,0.57,-1.53,1.53
2018-05-03,"EC",2019,2019-12-31,2.1,86.7142857142857,0.57,-1.53,1.53
2018-07-12,"EC",2019,2019-12-31,1.9,76.7142857142857,0.57,-1.33,1.33
2018-11-08,"EC",2019,2019-12-31,1.8,59.7142857142857,0.57,-1.23,1.23
2019-02-07,"EC",2020,2020-12-31,1.7,99,-4.98,-6.68,6.68
2019-05-07,"EC",2020,2020-12-31,1.5,86.2857142857143,-4.98,-6.48,6.48
2019-07-10,"EC",2020,2020-12-31,1.4,77.1428571428571,-4.98,-6.38,6.38
2019-11-07,"EC",2020,2020-12-31,1,60,-4.98,-5.98,5.98
2020-02-13,"EC",2021,2021-12-31,1.1,98.1428571428571,2.69,1.59,1.59
2020-05-06,"EC",2021,2021-12-31,5.9,86.2857142857143,2.69,-3.21,3.21
2020-07-07,"EC",2021,2021-12-31,1.4,77.4285714285714,2.69,1.29,1.29
2020-11-05,"EC",2021,2021-12-31,3.5,60.1428571428571,2.69,-0.81,0.81
2021-02-11,"EC",2022,2022-12-31,3.1,98.2857142857143,1.89,-1.21,1.21
2021-05-12,"EC",2022,2022-12-31,4.1,85.4285714285714,1.89,-2.21,2.21
2021-07-07,"EC",2022,2022-12-31,3.7,77.4285714285714,1.89,-1.81,1.81
2021-11-11,"EC",2022,2022-12-31,4.6,59.2857142857143,1.89,-2.71,2.71
1991-06-27,"DIW",1992,1992-12-31,1.5,79,1.9,0.4,0.4
1992-06-25,"DIW",1993,1993-12-31,3,79.1428571428571,-1.3,-4.3,4.3
1993-07-08,"DIW",1994,1994-12-31,0.5,77.2857142857143,2.8,2.3,2.3
1994-07-21,"DIW",1995,1995-12-31,2,75.4285714285714,1.9,-0.1,0.1
1995-07-27,"DIW",1996,1996-12-31,2,74.7142857142857,1.4,-0.6,0.6
1996-06-27,"DIW",1997,1997-12-31,1.5,78.8571428571429,2.2,0.7,0.7
1997-07-03,"DIW",1998,1998-12-31,2,78,2.8,0.8,0.8
1998-07-02,"DIW",1999,1999-12-31,2.1,78.1428571428571,1.4,-0.7,0.7
1999-07-15,"DIW",2000,2000-12-31,2.4,76.4285714285714,3.09,0.69,0.69
2000-07-13,"DIW",2001,2001-12-31,2.6,76.5714285714286,0.58,-2.02,2.02
2001-01-04,"DIW",2002,2002-12-31,2.7,103.714285714286,0.17,-2.53,2.53
2001-07-12,"DIW",2002,2002-12-31,2.3,76.7142857142857,0.17,-2.13,2.13
2002-01-10,"DIW",2003,2003-12-31,2.1,102.857142857143,-0.12,-2.22,2.22
2002-07-11,"DIW",2003,2003-12-31,2,76.8571428571429,-0.12,-2.12,2.12
2003-07-03,"DIW",2004,2004-12-31,1.3,78.1428571428571,1.66,0.36,0.36
2004-07-08,"DIW",2005,2005-12-31,2.1,77.2857142857143,0.87,-1.23,1.23
2005-06-29,"DIW",2006,2006-12-31,1.5,78.5714285714286,2.47,0.97,0.97
2006-07-05,"DIW",2007,2007-12-31,1.4,77.7142857142857,2.48,1.08,1.08
2007-01-03,"DIW",2008,2008-12-31,2.5,104,1.28,-1.22,1.22
2007-07-24,"DIW",2008,2008-12-31,2.5,75.1428571428571,1.28,-1.22,1.22
2007-10-16,"DIW",2008,2008-12-31,2.1,63.1428571428571,1.28,-0.82,0.82
2008-04-02,"DIW",2009,2009-12-31,1.6,91.1428571428571,-5,-6.6,6.6
2008-07-01,"DIW",2009,2009-12-31,1.2,78.2857142857143,-5,-6.2,6.2
2008-10-08,"DIW",2009,2009-12-31,1,64.1428571428571,-5,-6,6
2009-01-07,"DIW",2010,2010-12-31,1.1,103.285714285714,3.61,2.51,2.51
2009-07-29,"DIW",2010,2010-12-31,0.5,74.2857142857143,3.61,3.11,3.11
2009-10-12,"DIW",2010,2010-12-31,1.3,63.5714285714286,3.61,2.31,2.31
2010-01-07,"DIW",2011,2011-12-31,1.8,103.285714285714,2.97,1.17,1.17
2010-04-14,"DIW",2011,2011-12-31,1.8,89.4285714285714,2.97,1.17,1.17
2010-06-30,"DIW",2011,2011-12-31,1.7,78.4285714285714,2.97,1.27,1.27
2010-09-29,"DIW",2011,2011-12-31,2,65.4285714285714,2.97,0.97,0.97
2011-01-04,"DIW",2012,2012-12-31,1.3,103.857142857143,0.69,-0.61,0.61
2011-04-12,"DIW",2012,2012-12-31,1.4,89.8571428571429,0.69,-0.71,0.71
2011-07-06,"DIW",2012,2012-12-31,1.8,77.7142857142857,0.69,-1.11,1.11
2011-10-06,"DIW",2012,2012-12-31,1,64.5714285714286,0.69,-0.31,0.31
2012-01-04,"DIW",2013,2013-12-31,2.2,103.857142857143,0.38,-1.82,1.82
2012-04-04,"DIW",2013,2013-12-31,2.4,90.8571428571429,0.38,-2.02,2.02
2012-07-04,"DIW",2013,2013-12-31,1.9,77.8571428571429,0.38,-1.52,1.52
2012-10-02,"DIW",2013,2013-12-31,1.6,65,0.38,-1.22,1.22
2013-01-09,"DIW",2014,2014-12-31,2.2,103,1.51,-0.69,0.69
2013-04-10,"DIW",2014,2014-12-31,1.6,90,1.51,-0.0900000000000001,0.0900000000000001
2013-06-19,"DIW",2014,2014-12-31,1.8,80,1.51,-0.29,0.29
2013-09-18,"DIW",2014,2014-12-31,1.7,67,1.51,-0.19,0.19
2013-12-18,"DIW",2014,2014-12-31,1.6,54,1.51,-0.0900000000000001,0.0900000000000001
2014-03-13,"DIW",2015,2015-12-31,2.1,94,1.69,-0.41,0.41
2014-06-17,"DIW",2015,2015-12-31,2,80.2857142857143,1.69,-0.31,0.31
2014-09-17,"DIW",2015,2015-12-31,1.8,67.1428571428571,1.69,-0.11,0.11
2014-12-17,"DIW",2015,2015-12-31,1.4,54.1428571428571,1.69,0.29,0.29
2015-03-18,"DIW",2016,2016-12-31,1.9,93.4285714285714,1.88,-0.02,0.02
2015-06-24,"DIW",2016,2016-12-31,1.9,79.4285714285714,1.88,-0.02,0.02
2015-09-16,"DIW",2016,2016-12-31,1.9,67.4285714285714,1.88,-0.02,0.02
2015-12-16,"DIW",2016,2016-12-31,1.7,54.4285714285714,1.88,0.18,0.18
2016-03-16,"DIW",2017,2017-12-31,1.5,93.5714285714286,2.23,0.73,0.73
2016-06-15,"DIW",2017,2017-12-31,1.4,80.5714285714286,2.23,0.83,0.83
2016-09-08,"DIW",2017,2017-12-31,1,68.4285714285714,2.23,1.23,1.23
2016-12-16,"DIW",2017,2017-12-31,1.2,54.2857142857143,2.23,1.03,1.03
2017-03-15,"DIW",2018,2018-12-31,1.7,93.7142857142857,1.47,-0.23,0.23
2017-06-14,"DIW",2018,2018-12-31,1.7,80.7142857142857,1.47,-0.23,0.23
2017-09-07,"DIW",2018,2018-12-31,1.9,68.5714285714286,1.47,-0.43,0.43
2018-03-14,"DIW",2019,2019-12-31,1.9,93.8571428571429,0.57,-1.33,1.33
2018-06-13,"DIW",2019,2019-12-31,1.7,80.8571428571429,0.57,-1.13,1.13
2018-09-06,"DIW",2019,2019-12-31,1.7,68.7142857142857,0.57,-1.13,1.13
2018-12-12,"DIW",2019,2019-12-31,1.6,54.8571428571429,0.57,-1.03,1.03
2019-03-14,"DIW",2020,2020-12-31,1.8,94,-4.98,-6.78,6.78
2019-06-13,"DIW",2020,2020-12-31,1.7,81,-4.98,-6.68,6.68
2019-09-11,"DIW",2020,2020-12-31,1.4,68.1428571428571,-4.98,-6.38,6.38
2019-12-11,"DIW",2020,2020-12-31,1.2,55.1428571428571,-4.98,-6.18,6.18
2020-03-19,"DIW",2021,2021-12-31,4.1,93.1428571428571,2.69,-1.41,1.41
2020-06-11,"DIW",2021,2021-12-31,3,81.1428571428571,2.69,-0.31,0.31
2020-09-10,"DIW",2021,2021-12-31,4.1,68.1428571428571,2.69,-1.41,1.41
2020-12-10,"DIW",2021,2021-12-31,5.3,55.1428571428571,2.69,-2.61,2.61
2021-03-18,"DIW",2022,2022-12-31,3.8,93.2857142857143,1.89,-1.91,1.91
2021-06-17,"DIW",2022,2022-12-31,4.3,80.2857142857143,1.89,-2.41,2.41
2021-09-16,"DIW",2022,2022-12-31,4.9,67.2857142857143,1.89,-3.01,3.01
2007-12-14,"BBK",2008,2008-12-31,1.9,54.7142857142857,1.28,-0.62,0.62
2008-06-20,"BBK",2009,2009-12-31,1.4,79.8571428571429,-5,-6.4,6.4
2008-12-12,"BBK",2009,2009-12-31,-0.8,54.8571428571429,-5,-4.2,4.2
2009-06-19,"BBK",2010,2010-12-31,0,80,3.61,3.61,3.61
2009-12-11,"BBK",2010,2010-12-31,1.6,55,3.61,2.01,2.01
2010-06-18,"BBK",2011,2011-12-31,1.4,80.1428571428571,2.97,1.57,1.57
2010-12-10,"BBK",2011,2011-12-31,2,55.1428571428571,2.97,0.97,0.97
2011-06-17,"BBK",2012,2012-12-31,1.8,80.4285714285714,0.69,-1.11,1.11
2011-12-16,"BBK",2012,2012-12-31,0.6,54.4285714285714,0.69,0.09,0.09
2012-06-15,"BBK",2013,2013-12-31,1.6,80.5714285714286,0.38,-1.22,1.22
2012-12-14,"BBK",2013,2013-12-31,0.4,54.5714285714286,0.38,-0.02,0.02
2013-06-14,"BBK",2014,2014-12-31,1.5,80.7142857142857,1.51,0.01,0.01
2013-12-13,"BBK",2014,2014-12-31,1.7,54.7142857142857,1.51,-0.19,0.19
2014-06-13,"BBK",2015,2015-12-31,2,80.8571428571429,1.69,-0.31,0.31
2014-12-12,"BBK",2015,2015-12-31,1,54.8571428571429,1.69,0.69,0.69
2015-06-12,"BBK",2016,2016-12-31,1.8,81.1428571428571,1.88,0.0799999999999998,0.0799999999999998
2015-12-18,"BBK",2016,2016-12-31,1.8,54.1428571428571,1.88,0.0799999999999998,0.0799999999999998
2016-06-20,"BBK",2017,2017-12-31,1.4,79.8571428571429,2.23,0.83,0.83
2016-12-19,"BBK",2017,2017-12-31,1.5,53.8571428571429,2.23,0.73,0.73
2017-06-26,"BBK",2018,2018-12-31,1.7,79,1.47,-0.23,0.23
2017-12-18,"BBK",2018,2018-12-31,2.5,54,1.47,-1.03,1.03
2018-06-15,"BBK",2019,2019-12-31,1.9,80.5714285714286,0.57,-1.33,1.33
2018-12-17,"BBK",2019,2019-12-31,1.6,54.1428571428571,0.57,-1.03,1.03
2019-06-06,"BBK",2020,2020-12-31,1.6,82,-4.98,-6.58,6.58
2019-12-12,"BBK",2020,2020-12-31,1,55,-4.98,-5.98,5.98
2020-06-04,"BBK",2021,2021-12-31,3.2,82.1428571428571,2.69,-0.51,0.51
2020-12-10,"BBK",2021,2021-12-31,3,55.1428571428571,2.69,-0.31,0.31
2021-06-10,"BBK",2022,2022-12-31,5.1,81.2857142857143,1.89,-3.21,3.21
2021-12-16,"BBK",2022,2022-12-31,4.1,54.2857142857143,1.89,-2.21,2.21
